"Class","Tree","TabID","TalentID","TierID","ColumnIndex","SpellID","SpellName","RankSpellIDs","RankSpellNames","PrereqTalent0","PrereqRank0","RequiredSpellID"
"Druid","Feral Combat","281","796","0","1","0",,"16934;16935;16936;16937;16938","Ferocity;Ferocity;Ferocity;Ferocity;Ferocity","0","0","0"
"Druid","Feral Combat","281","795","0","2","0",,"16858;16859;16860;16861;16862","Feral Aggression;Feral Aggression;Feral Aggression;Feral Aggression;Feral Aggression","0","0","0"
"Druid","Feral Combat","281","799","1","0","0",,"16947;16948;16949","Feral Instinct;Feral Instinct;Feral Instinct","0","0","0"
"Druid","Feral Combat","281","797","1","1","0",,"16940;16941","Brutal Impact;Brutal Impact","0","0","0"
"Druid","Feral Combat","281","794","1","2","0",,"16929;16930;16931","Thick Hide;Thick Hide;Thick Hide","0","0","0"
"Druid","Feral Combat","281","807","2","0","0",,"17002;24866","Feral Swiftness;Feral Swiftness","0","0","0"
"Druid","Feral Combat","281","804","2","1","0",,"16979","Feral Charge","0","0","0"
"Druid","Feral Combat","281","798","2","2","0",,"16942;16943;16944","Sharpened Claws;Sharpened Claws;Sharpened Claws","0","0","0"
"Druid","Feral Combat","281","802","3","0","0",,"16966;16968","Shredding Attacks;Shredding Attacks","0","0","0"
"Druid","Feral Combat","281","803","3","1","0",,"16972;16974;16975","Predatory Strikes;Predatory Strikes;Predatory Strikes","0","0","0"
"Druid","Feral Combat","281","801","3","2","0",,"37116;37117","Primal Fury;Primal Fury","798","2","0"
"Druid","Feral Combat","281","805","4","0","0",,"16998;16999","Savage Fury;Savage Fury","0","0","0"
"Druid","Feral Combat","281","1162","4","2","0",,"16857","Faerie Fire (Feral)","0","0","0"
"Druid","Feral Combat","281","1792","4","3","0",,"33872;33873","Nurturing Instinct;Nurturing Instinct","0","0","0"
"Druid","Feral Combat","281","808","5","1","0",,"17003;17004;17005;17006;24894","Heart of the Wild;Heart of the Wild;Heart of the Wild;Heart of the Wild;Heart of the Wild","803","2","0"
"Druid","Feral Combat","281","1794","5","2","0",,"33853;33855;33856","Survival of the Fittest;Survival of the Fittest;Survival of the Fittest","0","0","0"
"Druid","Feral Combat","281","1793","6","0","0",,"33851;33852;33957","Primal Tenacity;Primal Tenacity;Primal Tenacity","0","0","0"
"Druid","Feral Combat","281","809","6","1","0",,"17007","Leader of the Pack","0","0","0"
"Druid","Feral Combat","281","1798","6","2","0",,"34297;34300","Improved Leader of the Pack;Improved Leader of the Pack","809","0","0"
"Druid","Feral Combat","281","1795","7","2","0",,"33859;33866;33867;33868;33869","Predatory Instincts;Predatory Instincts;Predatory Instincts;Predatory Instincts;Predatory Instincts","0","0","0"
"Druid","Feral Combat","281","1796","8","1","0",,"33917","Mangle","809","0","0"
"Druid","Restoration","282","821","0","1","0",,"17050;17051;17053;17054;17055","Improved Mark of the Wild;Improved Mark of the Wild;Improved Mark of the Wild;Improved Mark of the Wild;Improved Mark of the Wild","0","0","0"
"Druid","Restoration","282","822","0","2","0",,"17056;17058;17059;17060;17061","Furor;Furor;Furor;Furor;Furor","0","0","0"
"Druid","Restoration","282","824","1","0","0",,"17069;17070;17071;17072;17073","Naturalist;Naturalist;Naturalist;Naturalist;Naturalist","0","0","0"
"Druid","Restoration","282","823","1","1","0",,"17063;17065;17066;17067;17068","Nature's Focus;Nature's Focus;Nature's Focus;Nature's Focus;Nature's Focus","0","0","0"
"Druid","Restoration","282","826","1","2","0",,"16833;16834;16835","Natural Shapeshifter;Natural Shapeshifter;Natural Shapeshifter","0","0","0"
"Druid","Restoration","282","829","2","0","0",,"17106;17107;17108","Intensity;Intensity;Intensity","0","0","0"
"Druid","Restoration","282","841","2","1","0",,"17118;17119;17120;17121;17122","Subtlety;Subtlety;Subtlety;Subtlety;Subtlety","0","0","0"
"Druid","Restoration","282","827","2","2","0",,"16864","Omen of Clarity","0","0","0"
"Druid","Restoration","282","843","3","1","0",,"24968;24969;24970;24971;24972","Tranquil Spirit;Tranquil Spirit;Tranquil Spirit;Tranquil Spirit;Tranquil Spirit","0","0","0"
"Druid","Restoration","282","830","3","2","0",,"17111;17112;17113","Improved Rejuvenation;Improved Rejuvenation;Improved Rejuvenation","0","0","0"
"Druid","Restoration","282","831","4","0","0",,"17116","Nature's Swiftness","829","2","0"
"Druid","Restoration","282","828","4","1","0",,"17104;24943;24944;24945;24946","Gift of Nature;Gift of Nature;Gift of Nature;Gift of Nature;Gift of Nature","0","0","0"
"Druid","Restoration","282","842","4","3","0",,"17123;17124","Improved Tranquility;Improved Tranquility","0","0","0"
"Druid","Restoration","282","1788","5","0","0",,"33879;33880","Empowered Touch;Empowered Touch","0","0","0"
"Druid","Restoration","282","825","5","2","0",,"17074;17075;17076;17077;17078","Improved Regrowth;Improved Regrowth;Improved Regrowth;Improved Regrowth;Improved Regrowth","830","2","0"
"Druid","Restoration","282","1797","6","0","0",,"34151;34152;34153","Living Spirit;Living Spirit;Living Spirit","0","0","0"
"Druid","Restoration","282","844","6","1","0",,"18562","Swiftmend","828","4","0"
"Druid","Restoration","282","1790","6","2","0",,"33881;33882;33883","Natural Perfection;Natural Perfection;Natural Perfection","0","0","0"
"Druid","Restoration","282","1789","7","1","0",,"33886;33887;33888;33889;33890","Empowered Rejuvenation;Empowered Rejuvenation;Empowered Rejuvenation;Empowered Rejuvenation;Empowered Rejuvenation","0","0","0"
"Druid","Restoration","282","1791","8","1","0",,"33891","Tree of Life","1789","4","0"
"Druid","Balance","283","762","0","0","0",,"16814;16815;16816;16817;16818","Starlight Wrath;Starlight Wrath;Starlight Wrath;Starlight Wrath;Starlight Wrath","0","0","0"
"Druid","Balance","283","761","0","1","0",,"16689","Nature's Grasp","0","0","339"
"Druid","Balance","283","921","0","2","0",,"17245;17247;17248;17249","Improved Nature's Grasp;Improved Nature's Grasp;Improved Nature's Grasp;Improved Nature's Grasp","761","0","0"
"Druid","Balance","283","787","1","0","0",,"16918;16919;16920","Control of Nature;Control of Nature;Control of Nature","0","0","0"
"Druid","Balance","283","1822","1","1","0",,"35363;35364","Focused Starlight;Focused Starlight","0","0","0"
"Druid","Balance","283","763","1","2","0",,"16821;16822","Improved Moonfire;Improved Moonfire","0","0","0"
"Druid","Balance","283","782","2","0","0",,"16836;16839;16840","Brambles;Brambles;Brambles","0","0","0"
"Druid","Balance","283","788","2","2","0",,"5570","Insect Swarm","0","0","0"
"Druid","Balance","283","764","2","3","0",,"16819;16820","Nature's Reach;Nature's Reach","0","0","0"
"Druid","Balance","283","792","3","1","0",,"16909;16910;16911;16912;16913","Vengeance;Vengeance;Vengeance;Vengeance;Vengeance","1822","1","0"
"Druid","Balance","283","784","3","2","0",,"16850;16923;16924","Celestial Focus;Celestial Focus;Celestial Focus","0","0","0"
"Druid","Balance","283","1782","4","0","0",,"33589;33590;33591","Lunar Guidance;Lunar Guidance;Lunar Guidance","0","0","0"
"Druid","Balance","283","789","4","1","0",,"16880","Nature's Grace","0","0","0"
"Druid","Balance","283","783","4","2","0",,"16845;16846;16847","Moonglow;Moonglow;Moonglow","0","0","0"
"Druid","Balance","283","790","5","1","0",,"16896;16897;16899;16900;16901","Moonfury;Moonfury;Moonfury;Moonfury;Moonfury","789","0","0"
"Druid","Balance","283","1783","5","2","0",,"33592;33596","Balance of Power;Balance of Power","0","0","0"
"Druid","Balance","283","1784","6","0","0",,"33597;33599;33956","Dreamstate;Dreamstate;Dreamstate","0","0","0"
"Druid","Balance","283","793","6","1","0",,"24858","Moonkin Form","0","0","0"
"Druid","Balance","283","1785","6","2","0",,"33600;33601;33602","Improved Faerie Fire;Improved Faerie Fire;Improved Faerie Fire","0","0","0"
"Druid","Balance","283","1786","7","1","0",,"33603;33604;33605;33606;33607","Wrath of Cenarius;Wrath of Cenarius;Wrath of Cenarius;Wrath of Cenarius;Wrath of Cenarius","0","0","0"
"Druid","Balance","283","1787","8","1","0",,"33831","Force of Nature","0","0","0"
"Hunter","Beast Mastery","361","1382","0","1","0",,"19552;19553;19554;19555;19556","Improved Aspect of the Hawk;Improved Aspect of the Hawk;Improved Aspect of the Hawk;Improved Aspect of the Hawk;Improved Aspect of the Hawk","0","0","0"
"Hunter","Beast Mastery","361","1389","0","2","0",,"19583;19584;19585;19586;19587","Endurance Training;Endurance Training;Endurance Training;Endurance Training;Endurance Training","0","0","0"
"Hunter","Beast Mastery","361","1624","1","0","0",,"35029;35030","Focused Fire;Focused Fire","0","0","0"
"Hunter","Beast Mastery","361","1381","1","1","0",,"19549;19550;19551","Improved Aspect of the Monkey;Improved Aspect of the Monkey;Improved Aspect of the Monkey","0","0","0"
"Hunter","Beast Mastery","361","1395","1","2","0",,"19609;19610;19612","Thick Hide;Thick Hide;Thick Hide","0","0","0"
"Hunter","Beast Mastery","361","1625","1","3","0",,"24443;19575","Improved Revive Pet;Improved Revive Pet","0","0","0"
"Hunter","Beast Mastery","361","1384","2","0","0",,"19559;19560","Pathfinding;Pathfinding","0","0","0"
"Hunter","Beast Mastery","361","1391","2","1","0",,"19596","Bestial Swiftness","0","0","0"
"Hunter","Beast Mastery","361","1396","2","2","0",,"19616;19617;19618;19619;19620","Unleashed Fury;Unleashed Fury;Unleashed Fury;Unleashed Fury;Unleashed Fury","0","0","0"
"Hunter","Beast Mastery","361","1385","3","1","0",,"19572;19573","Improved Mend Pet;Improved Mend Pet","0","0","0"
"Hunter","Beast Mastery","361","1393","3","2","0",,"19598;19599;19600;19601;19602","Ferocity;Ferocity;Ferocity;Ferocity;Ferocity","0","0","0"
"Hunter","Beast Mastery","361","1388","4","0","0",,"19578;20895","Spirit Bond;Spirit Bond","0","0","0"
"Hunter","Beast Mastery","361","1387","4","1","0",,"19577","Intimidation","0","0","0"
"Hunter","Beast Mastery","361","1390","4","3","0",,"19590;19592","Bestial Discipline;Bestial Discipline","0","0","0"
"Hunter","Beast Mastery","361","1799","5","0","0",,"34453;34454","Animal Handler;Animal Handler","0","0","0"
"Hunter","Beast Mastery","361","1397","5","2","0",,"19621;19622;19623;19624;19625","Frenzy;Frenzy;Frenzy;Frenzy;Frenzy","1393","4","0"
"Hunter","Beast Mastery","361","1800","6","0","0",,"34455;34459;34460","Ferocious Inspiration;Ferocious Inspiration;Ferocious Inspiration","0","0","0"
"Hunter","Beast Mastery","361","1386","6","1","0",,"19574","Bestial Wrath","1387","0","0"
"Hunter","Beast Mastery","361","1801","6","2","0",,"34462;34464;34465","Catlike Reflexes;Catlike Reflexes;Catlike Reflexes","0","0","0"
"Hunter","Beast Mastery","361","1802","7","2","0",,"34466;34467;34468;34469;34470","Serpent's Swiftness;Serpent's Swiftness;Serpent's Swiftness;Serpent's Swiftness;Serpent's Swiftness","0","0","0"
"Hunter","Beast Mastery","361","1803","8","1","0",,"34692","The Beast Within","1386","0","0"
"Hunter","Survival","362","1623","0","0","0",,"24293;24294;24295","Monster Slaying;Monster Slaying;Monster Slaying","0","0","0"
"Hunter","Survival","362","1301","0","1","0",,"19151;19152;19153","Humanoid Slaying;Humanoid Slaying;Humanoid Slaying","0","0","0"
"Hunter","Survival","362","1820","0","2","0",,"19498;19499;19500","Hawk Eye;Hawk Eye;Hawk Eye","0","0","0"
"Hunter","Survival","362","1621","0","3","0",,"19159;19160","Savage Strikes;Savage Strikes","0","0","0"
"Hunter","Survival","362","1304","1","0","0",,"19184;19387;19388","Entrapment;Entrapment;Entrapment","0","0","0"
"Hunter","Survival","362","1311","1","1","0",,"19295;19297;19298;19301;19300","Deflection;Deflection;Deflection;Deflection;Deflection","0","0","0"
"Hunter","Survival","362","1305","1","2","0",,"19228;19232;19233","Improved Wing Clip;Improved Wing Clip;Improved Wing Clip","0","0","0"
"Hunter","Survival","362","1306","2","0","0",,"19239;19245","Clever Traps;Clever Traps","0","0","0"
"Hunter","Survival","362","1622","2","1","0",,"19255;19256;19257;19258;19259","Survivalist;Survivalist;Survivalist;Survivalist;Survivalist","0","0","0"
"Hunter","Survival","362","1308","2","2","0",,"19263","Deterrence","0","0","0"
"Hunter","Survival","362","1322","3","0","0",,"19376;19377","Trap Mastery;Trap Mastery","0","0","0"
"Hunter","Survival","362","1310","3","1","0",,"19290;19294;24283","Surefooted;Surefooted;Surefooted","0","0","0"
"Hunter","Survival","362","1309","3","3","0",,"19286;19287","Improved Feign Death;Improved Feign Death","0","0","0"
"Hunter","Survival","362","1810","4","0","0",,"34494;34496","Survival Instincts;Survival Instincts","0","0","0"
"Hunter","Survival","362","1321","4","1","0",,"19370;19371;19373","Killer Instinct;Killer Instinct;Killer Instinct","0","0","0"
"Hunter","Survival","362","1312","4","2","0",,"19306","Counterattack","1308","0","0"
"Hunter","Survival","362","1809","5","0","0",,"34491;34492;34493","Resourcefulness;Resourcefulness;Resourcefulness","0","0","0"
"Hunter","Survival","362","1303","5","2","0",,"19168;19180;19181;24296;24297","Lightning Reflexes;Lightning Reflexes;Lightning Reflexes;Lightning Reflexes;Lightning Reflexes","0","0","0"
"Hunter","Survival","362","1811","6","0","0",,"34497;34498;34499","Thrill of the Hunt;Thrill of the Hunt;Thrill of the Hunt","0","0","0"
"Hunter","Survival","362","1325","6","1","0",,"19386","Wyvern Sting","1321","2","0"
"Hunter","Survival","362","1812","6","2","0",,"34500;34502;34503","Expose Weakness;Expose Weakness;Expose Weakness","1303","4","0"
"Hunter","Survival","362","1813","7","1","0",,"34506;34507;34508;34838;34839","Master Tactician;Master Tactician;Master Tactician;Master Tactician;Master Tactician","0","0","0"
"Hunter","Survival","362","1814","8","1","0",,"23989","Readiness","1813","4","0"
"Hunter","Marksmanship","363","1341","0","1","0",,"19407;19412;19413;19414;19415","Improved Concussive Shot;Improved Concussive Shot;Improved Concussive Shot;Improved Concussive Shot;Improved Concussive Shot","0","0","0"
"Hunter","Marksmanship","363","1344","0","2","0",,"19426;19427;19429;19430;19431","Lethal Shots;Lethal Shots;Lethal Shots;Lethal Shots;Lethal Shots","0","0","0"
"Hunter","Marksmanship","363","1343","1","1","0",,"19421;19422;19423;19424;19425","Improved Hunter's Mark;Improved Hunter's Mark;Improved Hunter's Mark;Improved Hunter's Mark;Improved Hunter's Mark","0","0","0"
"Hunter","Marksmanship","363","1342","1","2","0",,"19416;19417;19418;19419;19420","Efficiency;Efficiency;Efficiency;Efficiency;Efficiency","0","0","0"
"Hunter","Marksmanship","363","1818","2","0","0",,"34950;34954","Go for the Throat;Go for the Throat","0","0","0"
"Hunter","Marksmanship","363","1346","2","1","0",,"19454;19455;19456;19457;19458","Improved Arcane Shot;Improved Arcane Shot;Improved Arcane Shot;Improved Arcane Shot;Improved Arcane Shot","0","0","0"
"Hunter","Marksmanship","363","1345","2","2","0",,"19434","Aimed Shot","0","0","0"
"Hunter","Marksmanship","363","1819","2","3","0",,"34948;34949","Rapid Killing;Rapid Killing","0","0","0"
"Hunter","Marksmanship","363","1348","3","1","0",,"19464;19465;19466;19467;19468","Improved Stings;Improved Stings;Improved Stings;Improved Stings;Improved Stings","0","0","0"
"Hunter","Marksmanship","363","1349","3","2","0",,"19485;19487;19488;19489;19490","Mortal Shots;Mortal Shots;Mortal Shots;Mortal Shots;Mortal Shots","1345","0","0"
"Hunter","Marksmanship","363","1351","4","0","0",,"35100;35102;35103","Concussive Barrage;Concussive Barrage;Concussive Barrage","0","0","0"
"Hunter","Marksmanship","363","1353","4","1","0",,"19503","Scatter Shot","0","0","0"
"Hunter","Marksmanship","363","1347","4","2","0",,"19461;19462;24691","Barrage;Barrage;Barrage","0","0","0"
"Hunter","Marksmanship","363","1804","5","0","0",,"34475;34476","Combat Experience;Combat Experience","0","0","0"
"Hunter","Marksmanship","363","1362","5","3","0",,"19507;19508;19509;19510;19511","Ranged Weapon Specialization;Ranged Weapon Specialization;Ranged Weapon Specialization;Ranged Weapon Specialization;Ranged Weapon Specialization","0","0","0"
"Hunter","Marksmanship","363","1806","6","0","0",,"34482;34483;34484","Careful Aim;Careful Aim;Careful Aim","0","0","0"
"Hunter","Marksmanship","363","1361","6","1","0",,"19506","Trueshot Aura","1353","0","0"
"Hunter","Marksmanship","363","1821","6","2","0",,"35104;35110;35111","Improved Barrage;Improved Barrage;Improved Barrage","1347","2","0"
"Hunter","Marksmanship","363","1807","7","1","0",,"34485;34486;34487;34488;34489","Master Marksman;Master Marksman;Master Marksman;Master Marksman;Master Marksman","0","0","0"
"Hunter","Marksmanship","363","1808","8","1","0",,"34490","Silencing Shot","1807","4","0"
"Mage","Fire","41","26","0","1","0",,"11069;12338;12339;12340;12341","Improved Fireball;Improved Fireball;Improved Fireball;Improved Fireball;Improved Fireball","0","0","0"
"Mage","Fire","41","30","0","2","0",,"11103;12357;12358;12359;12360","Impact;Impact;Impact;Impact;Impact","0","0","0"
"Mage","Fire","41","34","1","0","0",,"11119;11120;12846;12847;12848","Ignite;Ignite;Ignite;Ignite;Ignite","0","0","0"
"Mage","Fire","41","28","1","1","0",,"11100;12353","Flame Throwing;Flame Throwing","0","0","0"
"Mage","Fire","41","27","1","2","0",,"11078;11080;12342","Improved Fire Blast;Improved Fire Blast;Improved Fire Blast","0","0","0"
"Mage","Fire","41","1141","2","0","0",,"18459;18460","Incineration;Incineration","0","0","0"
"Mage","Fire","41","31","2","1","0",,"11108;12349;12350","Improved Flamestrike;Improved Flamestrike;Improved Flamestrike","0","0","0"
"Mage","Fire","41","29","2","2","0",,"11366","Pyroblast","0","0","0"
"Mage","Fire","41","23","2","3","0",,"11083;12351","Burning Soul;Burning Soul","0","0","0"
"Mage","Fire","41","25","3","0","0",,"11095;12872;12873","Improved Scorch;Improved Scorch;Improved Scorch","0","0","0"
"Mage","Fire","41","24","3","1","0",,"11094;13043","Molten Shields;Molten Shields","0","0","0"
"Mage","Fire","41","1639","3","3","0",,"29074;29075;29076","Master of Elements;Master of Elements;Master of Elements","0","0","0"
"Mage","Fire","41","1730","4","0","0",,"31638;31639;31640","Playing with Fire;Playing with Fire;Playing with Fire","0","0","0"
"Mage","Fire","41","33","4","1","0",,"11115;11367;11368","Critical Mass;Critical Mass;Critical Mass","0","0","0"
"Mage","Fire","41","32","4","2","0",,"11113","Blast Wave","29","0","0"
"Mage","Fire","41","1731","5","0","0",,"31641;31642","Blazing Speed;Blazing Speed","0","0","0"
"Mage","Fire","41","35","5","2","0",,"11124;12378;12398;12399;12400","Fire Power;Fire Power;Fire Power;Fire Power;Fire Power","0","0","0"
"Mage","Fire","41","1733","6","0","0",,"34293;34295;34296","Pyromaniac;Pyromaniac;Pyromaniac","0","0","0"
"Mage","Fire","41","36","6","1","0",,"11129","Combustion","33","2","0"
"Mage","Fire","41","1732","6","2","0",,"31679;31680","Molten Fury;Molten Fury","0","0","0"
"Mage","Fire","41","1734","7","2","0",,"31656;31657;31658;31659;31660","Empowered Fireball;Empowered Fireball;Empowered Fireball;Empowered Fireball;Empowered Fireball","0","0","0"
"Mage","Fire","41","1735","8","1","0",,"31661","Dragon's Breath","36","0","0"
"Mage","Frost","61","70","0","0","0",,"11189;28332","Frost Warding;Frost Warding","0","0","0"
"Mage","Frost","61","37","0","1","0",,"11070;12473;16763;16765;16766","Improved Frostbolt;Improved Frostbolt;Improved Frostbolt;Improved Frostbolt;Improved Frostbolt","0","0","0"
"Mage","Frost","61","1649","0","2","0",,"29438;29439;29440","Elemental Precision;Elemental Precision;Elemental Precision","0","0","0"
"Mage","Frost","61","73","1","0","0",,"11207;12672;15047;15052;15053","Ice Shards;Ice Shards;Ice Shards;Ice Shards;Ice Shards","0","0","0"
"Mage","Frost","61","38","1","1","0",,"11071;12496;12497","Frostbite;Frostbite;Frostbite","0","0","0"
"Mage","Frost","61","62","1","2","0",,"11165;12475","Improved Frost Nova;Improved Frost Nova","0","0","0"
"Mage","Frost","61","65","1","3","0",,"11175;12569;12571","Permafrost;Permafrost;Permafrost","0","0","0"
"Mage","Frost","61","61","2","0","0",,"11151;12952;12953","Piercing Ice;Piercing Ice;Piercing Ice","0","0","0"
"Mage","Frost","61","69","2","1","0",,"12472","Icy Veins","0","0","0"
"Mage","Frost","61","63","2","3","0",,"11185;12487;12488","Improved Blizzard;Improved Blizzard;Improved Blizzard","0","0","0"
"Mage","Frost","61","741","3","0","0",,"16757;16758","Arctic Reach;Arctic Reach","0","0","0"
"Mage","Frost","61","66","3","1","0",,"11160;12518;12519","Frost Channeling;Frost Channeling;Frost Channeling","0","0","0"
"Mage","Frost","61","67","3","2","0",,"11170;12982;12983;12984;12985","Shatter;Shatter;Shatter;Shatter;Shatter","62","1","0"
"Mage","Frost","61","1736","4","0","0",,"31667;31668;31669","Frozen Core;Frozen Core;Frozen Core","0","0","0"
"Mage","Frost","61","72","4","1","0",,"11958","Cold Snap","0","0","0"
"Mage","Frost","61","64","4","2","0",,"11190;12489;12490","Improved Cone of Cold;Improved Cone of Cold;Improved Cone of Cold","0","0","0"
"Mage","Frost","61","1737","5","0","0",,"31670;31672","Ice Floes;Ice Floes","0","0","0"
"Mage","Frost","61","68","5","2","0",,"11180;28592;28593;28594;28595","Winter's Chill;Winter's Chill;Winter's Chill;Winter's Chill;Winter's Chill","0","0","0"
"Mage","Frost","61","71","6","1","0",,"11426","Ice Barrier","72","0","0"
"Mage","Frost","61","1738","6","2","0",,"31674;31675;31676;31677;31678","Arctic Winds;Arctic Winds;Arctic Winds;Arctic Winds;Arctic Winds","0","0","0"
"Mage","Frost","61","1740","7","1","0",,"31682;31683;31684;31685;31686","Empowered Frostbolt;Empowered Frostbolt;Empowered Frostbolt;Empowered Frostbolt;Empowered Frostbolt","0","0","0"
"Mage","Frost","61","1741","8","1","0",,"31687","Summon Water Elemental","0","0","0"
"Mage","Arcane","81","74","0","0","0",,"11210;12592","Arcane Subtlety;Arcane Subtlety","0","0","0"
"Mage","Arcane","81","76","0","1","0",,"11222;12839;12840;12841;12842","Arcane Focus;Arcane Focus;Arcane Focus;Arcane Focus;Arcane Focus","0","0","0"
"Mage","Arcane","81","80","0","2","0",,"11237;12463;12464;16769;16770","Improved Arcane Missiles;Improved Arcane Missiles;Improved Arcane Missiles;Improved Arcane Missiles;Improved Arcane Missiles","0","0","0"
"Mage","Arcane","81","78","1","0","0",,"6057;6085","Wand Specialization;Wand Specialization","0","0","0"
"Mage","Arcane","81","1650","1","1","0",,"29441;29444;29445;29446;29447","Magic Absorption;Magic Absorption;Magic Absorption;Magic Absorption;Magic Absorption","0","0","0"
"Mage","Arcane","81","75","1","2","0",,"11213;12574;12575;12576;12577","Arcane Concentration;Arcane Concentration;Arcane Concentration;Arcane Concentration;Arcane Concentration","0","0","0"
"Mage","Arcane","81","82","2","0","0",,"11247;12606","Magic Attunement;Magic Attunement","0","0","0"
"Mage","Arcane","81","81","2","1","0",,"11242;12467;12469","Arcane Impact;Arcane Impact;Arcane Impact","0","0","0"
"Mage","Arcane","81","85","2","3","0",,"28574","Arcane Fortitude","0","0","0"
"Mage","Arcane","81","83","3","0","0",,"11252;12605","Improved Mana Shield;Improved Mana Shield","0","0","0"
"Mage","Arcane","81","88","3","1","0",,"11255;12598","Improved Counterspell;Improved Counterspell","0","0","0"
"Mage","Arcane","81","1142","3","3","0",,"18462;18463;18464","Arcane Meditation;Arcane Meditation;Arcane Meditation","0","0","0"
"Mage","Arcane","81","1724","4","0","0",,"31569;31570","Improved Blink;Improved Blink","0","0","0"
"Mage","Arcane","81","86","4","1","0",,"12043","Presence of Mind","0","0","0"
"Mage","Arcane","81","77","4","3","0",,"11232;12500;12501;12502;12503","Arcane Mind;Arcane Mind;Arcane Mind;Arcane Mind;Arcane Mind","0","0","0"
"Mage","Arcane","81","1726","5","0","0",,"31574;31575","Prismatic Cloak;Prismatic Cloak","0","0","0"
"Mage","Arcane","81","421","5","1","0",,"15058;15059;15060","Arcane Instability;Arcane Instability;Arcane Instability","86","0","0"
"Mage","Arcane","81","1725","5","2","0",,"31571;31572;31573","Arcane Potency;Arcane Potency;Arcane Potency","75","4","0"
"Mage","Arcane","81","1727","6","0","0",,"31579;31582;31583","Empowered Arcane Missiles;Empowered Arcane Missiles;Empowered Arcane Missiles","0","0","0"
"Mage","Arcane","81","87","6","1","0",,"12042","Arcane Power","421","2","0"
"Mage","Arcane","81","1826","6","2","0",,"35578;35581","Spell Power;Spell Power","0","0","0"
"Mage","Arcane","81","1728","7","1","0",,"31584;31585;31586;31587;31588","Mind Mastery;Mind Mastery;Mind Mastery;Mind Mastery;Mind Mastery","0","0","0"
"Mage","Arcane","81","1729","8","1","0",,"31589","Slow","0","0","0"
"Paladin","Retribution","381","1401","0","1","0",,"20042;20045;20046;20047;20048","Improved Blessing of Might;Improved Blessing of Might;Improved Blessing of Might;Improved Blessing of Might;Improved Blessing of Might","0","0","0"
"Paladin","Retribution","381","1407","0","2","0",,"20101;20102;20103;20104;20105","Benediction;Benediction;Benediction;Benediction;Benediction","0","0","0"
"Paladin","Retribution","381","1631","1","0","0",,"25956;25957","Improved Judgement;Improved Judgement","0","0","0"
"Paladin","Retribution","381","1464","1","1","0",,"20335;20336;20337","Improved Seal of the Crusader;Improved Seal of the Crusader;Improved Seal of the Crusader","0","0","0"
"Paladin","Retribution","381","1403","1","2","0",,"20060;20061;20062;20063;20064","Deflection;Deflection;Deflection;Deflection;Deflection","0","0","0"
"Paladin","Retribution","381","1633","2","0","0",,"9452;26016;26021","Vindication;Vindication;Vindication","0","0","0"
"Paladin","Retribution","381","1411","2","1","0",,"20117;20118;20119;20120;20121","Conviction;Conviction;Conviction;Conviction;Conviction","0","0","0"
"Paladin","Retribution","381","1481","2","2","0",,"20375","Seal of Command","0","0","0"
"Paladin","Retribution","381","1634","2","3","0",,"26022;26023;44414","Pursuit of Justice;Pursuit of Justice;Pursuit of Justice","0","0","0"
"Paladin","Retribution","381","1632","3","0","0",,"9799;25988","Eye for an Eye;Eye for an Eye","0","0","0"
"Paladin","Retribution","381","1405","3","2","0",,"20091;20092","Improved Retribution Aura;Improved Retribution Aura","0","0","0"
"Paladin","Retribution","381","1755","3","3","0",,"31866;31867;31868","Crusade;Crusade;Crusade","0","0","0"
"Paladin","Retribution","381","1410","4","0","0",,"20111;20112;20113","Two-Handed Weapon Specialization;Two-Handed Weapon Specialization;Two-Handed Weapon Specialization","0","0","0"
"Paladin","Retribution","381","1409","4","2","0",,"20218","Sanctity Aura","0","0","0"
"Paladin","Retribution","381","1756","4","3","0",,"31869;31870","Improved Sanctity Aura;Improved Sanctity Aura","1409","0","0"
"Paladin","Retribution","381","1402","5","1","0",,"20049;20056;20057;20058;20059","Vengeance;Vengeance;Vengeance;Vengeance;Vengeance","1411","4","0"
"Paladin","Retribution","381","1758","5","2","0",,"31876;31877;31878","Sanctified Judgement;Sanctified Judgement;Sanctified Judgement","0","0","0"
"Paladin","Retribution","381","1761","6","0","0",,"32043;35396;35397","Sanctified Seals;Sanctified Seals;Sanctified Seals","0","0","0"
"Paladin","Retribution","381","1441","6","1","0",,"20066","Repentance","0","0","0"
"Paladin","Retribution","381","1757","6","2","0",,"31871;31872;31873","Divine Purpose;Divine Purpose;Divine Purpose","0","0","0"
"Paladin","Retribution","381","1759","7","1","0",,"31879;31880;31881;31882;31883","Fanaticism;Fanaticism;Fanaticism;Fanaticism;Fanaticism","1441","0","0"
"Paladin","Retribution","381","1823","8","1","0",,"35395","Crusader Strike","0","0","0"
"Paladin","Holy","382","1450","0","1","0",,"20262;20263;20264;20265;20266","Divine Strength;Divine Strength;Divine Strength;Divine Strength;Divine Strength","0","0","0"
"Paladin","Holy","382","1449","0","2","0",,"20257;20258;20259;20260;20261","Divine Intellect;Divine Intellect;Divine Intellect;Divine Intellect;Divine Intellect","0","0","0"
"Paladin","Holy","382","1432","1","1","0",,"20205;20206;20207;20209;20208","Spiritual Focus;Spiritual Focus;Spiritual Focus;Spiritual Focus;Spiritual Focus","0","0","0"
"Paladin","Holy","382","1463","1","2","0",,"20224;20225;20330;20331;20332","Improved Seal of Righteousness;Improved Seal of Righteousness;Improved Seal of Righteousness;Improved Seal of Righteousness;Improved Seal of Righteousness","0","0","0"
"Paladin","Holy","382","1444","2","0","0",,"20237;20238;20239","Healing Light;Healing Light;Healing Light","0","0","0"
"Paladin","Holy","382","1435","2","1","0",,"31821","Aura Mastery","0","0","0"
"Paladin","Holy","382","1443","2","2","0",,"20234;20235","Improved Lay on Hands;Improved Lay on Hands","0","0","0"
"Paladin","Holy","382","1628","2","3","0",,"9453;25836","Unyielding Faith;Unyielding Faith","0","0","0"
"Paladin","Holy","382","1461","3","1","0",,"20210;20212;20213;20214;20215","Illumination;Illumination;Illumination;Illumination;Illumination","0","0","0"
"Paladin","Holy","382","1446","3","2","0",,"20244;20245","Improved Blessing of Wisdom;Improved Blessing of Wisdom","0","0","0"
"Paladin","Holy","382","1742","4","0","0",,"31822;31823;31824","Pure of Heart;Pure of Heart;Pure of Heart","0","0","0"
"Paladin","Holy","382","1433","4","1","0",,"20216","Divine Favor","1461","4","0"
"Paladin","Holy","382","1465","4","2","0",,"20359;20360;20361","Sanctified Light;Sanctified Light;Sanctified Light","0","0","0"
"Paladin","Holy","382","1743","5","0","0",,"31825;31826","Purifying Power;Purifying Power","0","0","0"
"Paladin","Holy","382","1627","5","2","0",,"5923;5924;5925;5926;25829","Holy Power;Holy Power;Holy Power;Holy Power;Holy Power","0","0","0"
"Paladin","Holy","382","1745","6","0","0",,"31833;31835;31836","Light's Grace;Light's Grace;Light's Grace","0","0","0"
"Paladin","Holy","382","1502","6","1","0",,"20473","Holy Shock","1433","0","0"
"Paladin","Holy","382","1744","6","2","0",,"31828;31829;31830","Blessed Life;Blessed Life;Blessed Life","0","0","0"
"Paladin","Holy","382","1746","7","1","0",,"31837;31838;31839;31840;31841","Holy Guidance;Holy Guidance;Holy Guidance;Holy Guidance;Holy Guidance","0","0","0"
"Paladin","Holy","382","1747","8","1","0",,"31842","Divine Illumination","0","0","0"
"Paladin","Protection","383","1422","0","1","0",,"20138;20139;20140;20141;20142","Improved Devotion Aura;Improved Devotion Aura;Improved Devotion Aura;Improved Devotion Aura;Improved Devotion Aura","0","0","0"
"Paladin","Protection","383","1421","0","2","0",,"20127;20130;20135;20136;20137","Redoubt;Redoubt;Redoubt;Redoubt;Redoubt","0","0","0"
"Paladin","Protection","383","1630","1","0","0",,"20189;20192;20193","Precision;Precision;Precision","0","0","0"
"Paladin","Protection","383","1425","1","1","0",,"20174;20175","Guardian's Favor;Guardian's Favor","0","0","0"
"Paladin","Protection","383","1423","1","3","0",,"20143;20144;20145;20146;20147","Toughness;Toughness;Toughness;Toughness;Toughness","0","0","0"
"Paladin","Protection","383","1442","2","0","0",,"20217","Blessing of Kings","0","0","0"
"Paladin","Protection","383","1501","2","1","0",,"20468;20469;20470","Improved Righteous Fury;Improved Righteous Fury;Improved Righteous Fury","0","0","0"
"Paladin","Protection","383","1424","2","2","0",,"20148;20149;20150","Shield Specialization;Shield Specialization;Shield Specialization","1421","4","0"
"Paladin","Protection","383","1629","2","3","0",,"20096;20097;20098;20099;20100","Anticipation;Anticipation;Anticipation;Anticipation;Anticipation","0","0","0"
"Paladin","Protection","383","1748","3","0","0",,"31844;31845","Stoicism;Stoicism","0","0","0"
"Paladin","Protection","383","1521","3","1","0",,"20487;20488;20489","Improved Hammer of Justice;Improved Hammer of Justice;Improved Hammer of Justice","0","0","0"
"Paladin","Protection","383","1626","3","2","0",,"20254;20255;20256","Improved Concentration Aura;Improved Concentration Aura;Improved Concentration Aura","0","0","0"
"Paladin","Protection","383","1749","4","0","0",,"31846;31847","Spell Warding;Spell Warding","0","0","0"
"Paladin","Protection","383","1431","4","1","0",,"20911","Blessing of Sanctuary","0","0","0"
"Paladin","Protection","383","1426","4","2","0",,"20177;20179;20181;20180;20182","Reckoning;Reckoning;Reckoning;Reckoning;Reckoning","0","0","0"
"Paladin","Protection","383","1750","5","0","0",,"31848;31849","Sacred Duty;Sacred Duty","0","0","0"
"Paladin","Protection","383","1429","5","2","0",,"20196;20197;20198;20199;20200","One-Handed Weapon Specialization;One-Handed Weapon Specialization;One-Handed Weapon Specialization;One-Handed Weapon Specialization;One-Handed Weapon Specialization","0","0","0"
"Paladin","Protection","383","1829","6","0","0",,"41021;41026","Improved Holy Shield;Improved Holy Shield","1430","0","0"
"Paladin","Protection","383","1430","6","1","0",,"20925","Holy Shield","1431","0","0"
"Paladin","Protection","383","1751","6","2","0",,"31850;31851;31852;31853;31854","Ardent Defender;Ardent Defender;Ardent Defender;Ardent Defender;Ardent Defender","0","0","0"
"Paladin","Protection","383","1753","7","2","0",,"31858;31859;31860;31861;31862","Combat Expertise;Combat Expertise;Combat Expertise;Combat Expertise;Combat Expertise","0","0","0"
"Paladin","Protection","383","1754","8","1","0",,"31935","Avenger's Shield","1430","0","0"
"Priest","Discipline","201","342","0","1","0",,"14522;14788;14789;14790;14791","Unbreakable Will;Unbreakable Will;Unbreakable Will;Unbreakable Will;Unbreakable Will","0","0","0"
"Priest","Discipline","201","345","0","2","0",,"14524;14525;14526;14527;14528","Wand Specialization;Wand Specialization;Wand Specialization;Wand Specialization;Wand Specialization","0","0","0"
"Priest","Discipline","201","352","1","0","0",,"14523;14784;14785;14786;14787","Silent Resolve;Silent Resolve;Silent Resolve;Silent Resolve;Silent Resolve","0","0","0"
"Priest","Discipline","201","344","1","1","0",,"14749;14767","Improved Power Word: Fortitude;Improved Power Word: Fortitude","0","0","0"
"Priest","Discipline","201","343","1","2","0",,"14748;14768;14769","Improved Power Word: Shield;Improved Power Word: Shield;Improved Power Word: Shield","0","0","0"
"Priest","Discipline","201","321","1","3","0",,"14531;14774","Martyrdom;Martyrdom","0","0","0"
"Priest","Discipline","201","1769","2","0","0",,"33167;33171;33172","Absolution;Absolution;Absolution","0","0","0"
"Priest","Discipline","201","348","2","1","0",,"14751","Inner Focus","0","0","0"
"Priest","Discipline","201","347","2","2","0",,"14521;14776;14777","Meditation;Meditation;Meditation","0","0","0"
"Priest","Discipline","201","346","3","0","0",,"14747;14770;14771","Improved Inner Fire;Improved Inner Fire;Improved Inner Fire","0","0","0"
"Priest","Discipline","201","341","3","1","0",,"14520;14780;14781;14782;14783","Mental Agility;Mental Agility;Mental Agility;Mental Agility;Mental Agility","0","0","0"
"Priest","Discipline","201","350","3","3","0",,"14750;14772","Improved Mana Burn;Improved Mana Burn","0","0","0"
"Priest","Discipline","201","1201","4","1","0",,"18551;18552;18553;18554;18555","Mental Strength;Mental Strength;Mental Strength;Mental Strength;Mental Strength","0","0","0"
"Priest","Discipline","201","351","4","2","0",,"14752","Divine Spirit","347","2","0"
"Priest","Discipline","201","1770","4","3","0",,"33174;33182","Improved Divine Spirit;Improved Divine Spirit","351","0","0"
"Priest","Discipline","201","1771","5","0","0",,"33186;33190","Focused Power;Focused Power","0","0","0"
"Priest","Discipline","201","1202","5","2","0",,"18544;18547;18548;18549;18550","Force of Will;Force of Will;Force of Will;Force of Will;Force of Will","0","0","0"
"Priest","Discipline","201","1858","6","0","0",,"45234;45243;45244","Focused Will;Focused Will;Focused Will","0","0","0"
"Priest","Discipline","201","322","6","1","0",,"10060","Power Infusion","1201","4","0"
"Priest","Discipline","201","1773","6","2","0",,"33201;33202;33203;33204;33205","Reflective Shield;Reflective Shield;Reflective Shield;Reflective Shield;Reflective Shield","0","0","0"
"Priest","Discipline","201","1772","7","1","0",,"34908;34909;34910;34911;34912","Enlightenment;Enlightenment;Enlightenment;Enlightenment;Enlightenment","0","0","0"
"Priest","Discipline","201","1774","8","1","0",,"33206","Pain Suppression","0","0","0"
"Priest","Holy","202","410","0","0","0",,"14913;15012","Healing Focus;Healing Focus","0","0","0"
"Priest","Holy","202","406","0","1","0",,"14908;15020;17191","Improved Renew;Improved Renew;Improved Renew","0","0","0"
"Priest","Holy","202","401","0","2","0",,"14889;15008;15009;15010;15011","Holy Specialization;Holy Specialization;Holy Specialization;Holy Specialization;Holy Specialization","0","0","0"
"Priest","Holy","202","411","1","1","0",,"27900;27901;27902;27903;27904","Spell Warding;Spell Warding;Spell Warding;Spell Warding;Spell Warding","0","0","0"
"Priest","Holy","202","1181","1","2","0",,"18530;18531;18533;18534;18535","Divine Fury;Divine Fury;Divine Fury;Divine Fury;Divine Fury","0","0","0"
"Priest","Holy","202","442","2","0","0",,"15237","Holy Nova","0","0","0"
"Priest","Holy","202","1636","2","1","0",,"27811;27815;27816","Blessed Recovery;Blessed Recovery;Blessed Recovery","0","0","0"
"Priest","Holy","202","361","2","3","0",,"14892;15362;15363","Inspiration;Inspiration;Inspiration","0","0","0"
"Priest","Holy","202","1635","3","0","0",,"27789;27790","Holy Reach;Holy Reach","0","0","0"
"Priest","Holy","202","408","3","1","0",,"14912;15013;15014","Improved Healing;Improved Healing;Improved Healing","0","0","0"
"Priest","Holy","202","403","3","2","0",,"14909;15017","Searing Light;Searing Light","1181","4","0"
"Priest","Holy","202","413","4","0","0",,"14911;15018","Healing Prayers;Healing Prayers","0","0","0"
"Priest","Holy","202","1561","4","1","0",,"20711","Spirit of Redemption","0","0","0"
"Priest","Holy","202","402","4","2","0",,"14901;15028;15029;15030;15031","Spiritual Guidance;Spiritual Guidance;Spiritual Guidance;Spiritual Guidance;Spiritual Guidance","0","0","0"
"Priest","Holy","202","1766","5","0","0",,"33150;33154","Surge of Light;Surge of Light","0","0","0"
"Priest","Holy","202","404","5","2","0",,"14898;15349;15354;15355;15356","Spiritual Healing;Spiritual Healing;Spiritual Healing;Spiritual Healing;Spiritual Healing","0","0","0"
"Priest","Holy","202","1768","6","0","0",,"34753;34859;34860","Holy Concentration;Holy Concentration;Holy Concentration","0","0","0"
"Priest","Holy","202","1637","6","1","0",,"724","Lightwell","1561","0","0"
"Priest","Holy","202","1765","6","2","0",,"33142;33145;33146","Blessed Resilience;Blessed Resilience;Blessed Resilience","0","0","0"
"Priest","Holy","202","1767","7","1","0",,"33158;33159;33160;33161;33162","Empowered Healing;Empowered Healing;Empowered Healing;Empowered Healing;Empowered Healing","0","0","0"
"Priest","Holy","202","1815","8","1","0",,"34861","Circle of Healing","0","0","0"
"Priest","Shadow","203","465","0","1","0",,"15270;15335;15336;15337;15338","Spirit Tap;Spirit Tap;Spirit Tap;Spirit Tap;Spirit Tap","0","0","0"
"Priest","Shadow","203","464","0","2","0",,"15268;15323;15324;15325;15326","Blackout;Blackout;Blackout;Blackout;Blackout","0","0","0"
"Priest","Shadow","203","466","1","0","0",,"15318;15272;15320","Shadow Affinity;Shadow Affinity;Shadow Affinity","0","0","0"
"Priest","Shadow","203","482","1","1","0",,"15275;15317","Improved Shadow Word: Pain;Improved Shadow Word: Pain","0","0","0"
"Priest","Shadow","203","463","1","2","0",,"15260;15327;15328;15329;15330","Shadow Focus;Shadow Focus;Shadow Focus;Shadow Focus;Shadow Focus","0","0","0"
"Priest","Shadow","203","542","2","0","0",,"15392;15448","Improved Psychic Scream;Improved Psychic Scream","0","0","0"
"Priest","Shadow","203","481","2","1","0",,"15273;15312;15313;15314;15316","Improved Mind Blast;Improved Mind Blast;Improved Mind Blast;Improved Mind Blast;Improved Mind Blast","0","0","0"
"Priest","Shadow","203","501","2","2","0",,"15407","Mind Flay","0","0","0"
"Priest","Shadow","203","483","3","1","0",,"15274;15311","Improved Fade;Improved Fade","0","0","0"
"Priest","Shadow","203","881","3","2","0",,"17322;17323","Shadow Reach;Shadow Reach","0","0","0"
"Priest","Shadow","203","461","3","3","0",,"15257;15331;15332;15333;15334","Shadow Weaving;Shadow Weaving;Shadow Weaving;Shadow Weaving;Shadow Weaving","0","0","0"
"Priest","Shadow","203","541","4","0","0",,"15487","Silence","542","1","0"
"Priest","Shadow","203","484","4","1","0",,"15286","Vampiric Embrace","0","0","0"
"Priest","Shadow","203","1638","4","2","0",,"27839;27840","Improved Vampiric Embrace;Improved Vampiric Embrace","484","0","0"
"Priest","Shadow","203","1777","4","3","0",,"33213;33214;33215","Focused Mind;Focused Mind;Focused Mind","0","0","0"
"Priest","Shadow","203","1781","5","0","0",,"14910;33371","Shadow Resilience;Shadow Resilience","0","0","0"
"Priest","Shadow","203","462","5","2","0",,"15259;15307;15308;15309;15310","Darkness;Darkness;Darkness;Darkness;Darkness","0","0","0"
"Priest","Shadow","203","521","6","1","0",,"15473","Shadowform","484","0","0"
"Priest","Shadow","203","1778","6","2","0",,"33221;33222;33223;33224;33225","Shadow Power;Shadow Power;Shadow Power;Shadow Power;Shadow Power","0","0","0"
"Priest","Shadow","203","1816","7","2","0",,"33191;33192;33193;33194;33195","Misery;Misery;Misery;Misery;Misery","0","0","0"
"Priest","Shadow","203","1779","8","1","0",,"34914","Vampiric Touch","521","0","0"
"Rogue","Combat","181","203","0","0","0",,"13741;13793;13792","Improved Gouge;Improved Gouge;Improved Gouge","0","0","0"
"Rogue","Combat","181","201","0","1","0",,"13732;13863","Improved Sinister Strike;Improved Sinister Strike","0","0","0"
"Rogue","Combat","181","186","0","2","0",,"13712;13788;13789;13790;13791","Lightning Reflexes;Lightning Reflexes;Lightning Reflexes;Lightning Reflexes;Lightning Reflexes","0","0","0"
"Rogue","Combat","181","1827","1","0","0",,"14165;14166;14167","Improved Slice and Dice;Improved Slice and Dice;Improved Slice and Dice","0","0","0"
"Rogue","Combat","181","187","1","1","0",,"13713;13853;13854;13855;13856","Deflection;Deflection;Deflection;Deflection;Deflection","0","0","0"
"Rogue","Combat","181","181","1","2","0",,"13705;13832;13843;13844;13845","Precision;Precision;Precision;Precision;Precision","0","0","0"
"Rogue","Combat","181","204","2","0","0",,"13742;13872","Endurance;Endurance","0","0","0"
"Rogue","Combat","181","301","2","1","0",,"14251","Riposte","187","4","0"
"Rogue","Combat","181","222","2","3","0",,"13743;13875","Improved Sprint;Improved Sprint","0","0","0"
"Rogue","Combat","181","206","3","0","0",,"13754;13867","Improved Kick;Improved Kick","0","0","0"
"Rogue","Combat","181","182","3","1","0",,"13706;13804;13805;13806;13807","Dagger Specialization;Dagger Specialization;Dagger Specialization;Dagger Specialization;Dagger Specialization","0","0","0"
"Rogue","Combat","181","221","3","2","0",,"13715;13848;13849;13851;13852","Dual Wield Specialization;Dual Wield Specialization;Dual Wield Specialization;Dual Wield Specialization;Dual Wield Specialization","181","4","0"
"Rogue","Combat","181","184","4","0","0",,"13709;13800;13801;13802;13803","Mace Specialization;Mace Specialization;Mace Specialization;Mace Specialization;Mace Specialization","0","0","0"
"Rogue","Combat","181","223","4","1","0",,"13877","Blade Flurry","0","0","0"
"Rogue","Combat","181","242","4","2","0",,"13960;13961;13962;13963;13964","Sword Specialization;Sword Specialization;Sword Specialization;Sword Specialization;Sword Specialization","0","0","0"
"Rogue","Combat","181","183","4","3","0",,"13707;13966;13967;13968;13969","Fist Weapon Specialization;Fist Weapon Specialization;Fist Weapon Specialization;Fist Weapon Specialization;Fist Weapon Specialization","0","0","0"
"Rogue","Combat","181","1706","5","0","0",,"31124;31126","Blade Twisting;Blade Twisting","0","0","0"
"Rogue","Combat","181","1703","5","1","0",,"30919;30920","Weapon Expertise;Weapon Expertise","223","0","0"
"Rogue","Combat","181","1122","5","2","0",,"18427;18428;18429","Aggression;Aggression;Aggression","0","0","0"
"Rogue","Combat","181","1705","6","0","0",,"31122;31123","Vitality;Vitality","0","0","0"
"Rogue","Combat","181","205","6","1","0",,"13750","Adrenaline Rush","0","0","0"
"Rogue","Combat","181","1707","6","2","0",,"31130;31131","Nerves of Steel;Nerves of Steel","0","0","0"
"Rogue","Combat","181","1825","7","2","0",,"35541;35550;35551;35552;35553","Combat Potency;Combat Potency;Combat Potency;Combat Potency;Combat Potency","0","0","0"
"Rogue","Combat","181","1709","8","1","0",,"32601","Surprise Attacks","205","0","0"
"Rogue","Assassination","182","276","0","0","0",,"14162;14163;14164","Improved Eviscerate;Improved Eviscerate;Improved Eviscerate","0","0","0"
"Rogue","Assassination","182","272","0","1","0",,"14144;14148","Remorseless Attacks;Remorseless Attacks","0","0","0"
"Rogue","Assassination","182","270","0","2","0",,"14138;14139;14140;14141;14142","Malice;Malice;Malice;Malice;Malice","0","0","0"
"Rogue","Assassination","182","273","1","0","0",,"14156;14160;14161","Ruthlessness;Ruthlessness;Ruthlessness","0","0","0"
"Rogue","Assassination","182","274","1","1","0",,"14158;14159","Murder;Murder","0","0","0"
"Rogue","Assassination","182","277","1","3","0",,"13733;13865;13866","Puncturing Wounds;Puncturing Wounds;Puncturing Wounds","0","0","0"
"Rogue","Assassination","182","281","2","0","0",,"14179","Relentless Strikes","0","0","0"
"Rogue","Assassination","182","278","2","1","0",,"14168;14169","Improved Expose Armor;Improved Expose Armor","0","0","0"
"Rogue","Assassination","182","269","2","2","0",,"14128;14132;14135;14136;14137","Lethality;Lethality;Lethality;Lethality;Lethality","270","4","0"
"Rogue","Assassination","182","682","3","1","0",,"16513;16514;16515;16719;16720","Vile Poisons;Vile Poisons;Vile Poisons;Vile Poisons;Vile Poisons","0","0","0"
"Rogue","Assassination","182","268","3","2","0",,"14113;14114;14115;14116;14117","Improved Poisons;Improved Poisons;Improved Poisons;Improved Poisons;Improved Poisons","0","0","0"
"Rogue","Assassination","182","1721","4","0","0",,"31208;31209","Fleet Footed;Fleet Footed","0","0","0"
"Rogue","Assassination","182","280","4","1","0",,"14177","Cold Blood","0","0","0"
"Rogue","Assassination","182","279","4","2","0",,"14174;14175;14176","Improved Kidney Shot;Improved Kidney Shot;Improved Kidney Shot","0","0","0"
"Rogue","Assassination","182","1762","4","3","0",,"31244;31245","Quick Recovery;Quick Recovery","0","0","0"
"Rogue","Assassination","182","283","5","1","0",,"14186;14190;14193;14194;14195","Seal Fate;Seal Fate;Seal Fate;Seal Fate;Seal Fate","280","0","0"
"Rogue","Assassination","182","1715","5","2","0",,"31226;31227","Master Poisoner;Master Poisoner","0","0","0"
"Rogue","Assassination","182","382","6","1","0",,"14983","Vigor","0","0","0"
"Rogue","Assassination","182","1723","6","2","0",,"31380;31382;31383;31384;31385","Deadened Nerves;Deadened Nerves;Deadened Nerves;Deadened Nerves;Deadened Nerves","0","0","0"
"Rogue","Assassination","182","1718","7","2","0",,"31233;31239;31240;31241;31242","Find Weakness;Find Weakness;Find Weakness;Find Weakness;Find Weakness","0","0","0"
"Rogue","Assassination","182","1719","8","1","0",,"1329","Mutilate","382","0","0"
"Rogue","Subtlety","183","241","0","1","0",,"13958;13970;13971;13972;13973","Master of Deception;Master of Deception;Master of Deception;Master of Deception;Master of Deception","0","0","0"
"Rogue","Subtlety","183","261","0","2","0",,"14057;14072;14073;14074;14075","Opportunity;Opportunity;Opportunity;Opportunity;Opportunity","0","0","0"
"Rogue","Subtlety","183","1700","1","0","0",,"30892;30893","Sleight of Hand;Sleight of Hand","0","0","0"
"Rogue","Subtlety","183","262","1","1","0",,"14076;14094","Dirty Tricks;Dirty Tricks","0","0","0"
"Rogue","Subtlety","183","244","1","2","0",,"13975;14062;14063;14064;14065","Camouflage;Camouflage;Camouflage;Camouflage;Camouflage","0","0","0"
"Rogue","Subtlety","183","245","2","0","0",,"13976;13979;13980","Initiative;Initiative;Initiative","0","0","0"
"Rogue","Subtlety","183","303","2","1","0",,"14278","Ghostly Strike","0","0","0"
"Rogue","Subtlety","183","263","2","2","0",,"14079;14080;14081","Improved Ambush;Improved Ambush;Improved Ambush","0","0","0"
"Rogue","Subtlety","183","246","3","0","0",,"13983;14070;14071","Setup;Setup;Setup","0","0","0"
"Rogue","Subtlety","183","247","3","1","0",,"13981;14066","Elusiveness;Elusiveness","0","0","0"
"Rogue","Subtlety","183","1123","3","2","0",,"14171;14172;14173","Serrated Blades;Serrated Blades;Serrated Blades","0","0","0"
"Rogue","Subtlety","183","1701","4","0","0",,"30894;30895","Heightened Senses;Heightened Senses","0","0","0"
"Rogue","Subtlety","183","284","4","1","0",,"14185","Preparation","0","0","0"
"Rogue","Subtlety","183","265","4","2","0",,"14082;14083","Dirty Deeds;Dirty Deeds","0","0","0"
"Rogue","Subtlety","183","681","4","3","0",,"16511","Hemorrhage","1123","2","0"
"Rogue","Subtlety","183","1713","5","0","0",,"31221;31222;31223","Master of Subtlety;Master of Subtlety;Master of Subtlety","0","0","0"
"Rogue","Subtlety","183","1702","5","2","0",,"30902;30903;30904;30905;30906","Deadliness;Deadliness;Deadliness;Deadliness;Deadliness","0","0","0"
"Rogue","Subtlety","183","1711","6","0","0",,"31211;31212;31213","Enveloping Shadows;Enveloping Shadows;Enveloping Shadows","0","0","0"
"Rogue","Subtlety","183","381","6","1","0",,"14183","Premeditation","284","0","0"
"Rogue","Subtlety","183","1722","6","2","0",,"31228;31229;31230","Cheat Death;Cheat Death;Cheat Death","0","0","0"
"Rogue","Subtlety","183","1712","7","1","0",,"31216;31217;31218;31219;31220","Sinister Calling;Sinister Calling;Sinister Calling;Sinister Calling;Sinister Calling","381","0","0"
"Rogue","Subtlety","183","1714","8","1","0",,"36554","Shadowstep","0","0","0"
"Shaman","Elemental","261","564","0","1","0",,"16039;16109;16110;16111;16112","Convection;Convection;Convection;Convection;Convection","0","0","0"
"Shaman","Elemental","261","563","0","2","0",,"16035;16105;16106;16107;16108","Concussion;Concussion;Concussion;Concussion;Concussion","0","0","0"
"Shaman","Elemental","261","572","1","0","0",,"16043;16130","Earth's Grasp;Earth's Grasp","0","0","0"
"Shaman","Elemental","261","1640","1","1","0",,"28996;28997;28998","Elemental Warding;Elemental Warding;Elemental Warding","0","0","0"
"Shaman","Elemental","261","561","1","2","0",,"16038;16160;16161","Call of Flame;Call of Flame;Call of Flame","0","0","0"
"Shaman","Elemental","261","574","2","0","0",,"16164","Elemental Focus","0","0","0"
"Shaman","Elemental","261","575","2","1","0",,"16040;16113;16114;16115;16116","Reverberation;Reverberation;Reverberation;Reverberation;Reverberation","0","0","0"
"Shaman","Elemental","261","562","2","2","0",,"16041;16117;16118;16119;16120","Call of Thunder;Call of Thunder;Call of Thunder;Call of Thunder;Call of Thunder","0","0","0"
"Shaman","Elemental","261","567","3","0","0",,"16086;16544","Improved Fire Totems;Improved Fire Totems","0","0","0"
"Shaman","Elemental","261","1642","3","1","0",,"29062;29064;29065","Eye of the Storm;Eye of the Storm;Eye of the Storm","0","0","0"
"Shaman","Elemental","261","1645","3","3","0",,"30160;29179;29180","Elemental Devastation;Elemental Devastation;Elemental Devastation","0","0","0"
"Shaman","Elemental","261","1641","4","0","0",,"28999;29000","Storm Reach;Storm Reach","0","0","0"
"Shaman","Elemental","261","565","4","1","0",,"16089","Elemental Fury","0","0","0"
"Shaman","Elemental","261","1682","4","3","0",,"30664;30665;30666;30667;30668","Unrelenting Storm;Unrelenting Storm;Unrelenting Storm;Unrelenting Storm;Unrelenting Storm","0","0","0"
"Shaman","Elemental","261","1685","5","0","0",,"30672;30673;30674","Elemental Precision;Elemental Precision;Elemental Precision","0","0","0"
"Shaman","Elemental","261","721","5","2","0",,"16578;16579;16580;16581;16582","Lightning Mastery;Lightning Mastery;Lightning Mastery;Lightning Mastery;Lightning Mastery","562","4","0"
"Shaman","Elemental","261","573","6","1","0",,"16166","Elemental Mastery","565","0","0"
"Shaman","Elemental","261","1683","6","2","0",,"30669;30670;30671","Elemental Shields;Elemental Shields;Elemental Shields","0","0","0"
"Shaman","Elemental","261","1686","7","1","0",,"30675;30678;30679;30680;30681","Lightning Overload;Lightning Overload;Lightning Overload;Lightning Overload;Lightning Overload","0","0","0"
"Shaman","Elemental","261","1687","8","1","0",,"30706","Totem of Wrath","1686","4","0"
"Shaman","Restoration","262","586","0","1","0",,"16182;16226;16227;16228;16229","Improved Healing Wave;Improved Healing Wave;Improved Healing Wave;Improved Healing Wave;Improved Healing Wave","0","0","0"
"Shaman","Restoration","262","593","0","2","0",,"16179;16214;16215;16216;16217","Tidal Focus;Tidal Focus;Tidal Focus;Tidal Focus;Tidal Focus","0","0","0"
"Shaman","Restoration","262","589","1","0","0",,"16184;16209","Improved Reincarnation;Improved Reincarnation","0","0","0"
"Shaman","Restoration","262","581","1","1","0",,"16176;16235;16240","Ancestral Healing;Ancestral Healing;Ancestral Healing","0","0","0"
"Shaman","Restoration","262","595","1","2","0",,"16173;16222;16223;16224;16225","Totemic Focus;Totemic Focus;Totemic Focus;Totemic Focus;Totemic Focus","0","0","0"
"Shaman","Restoration","262","583","2","0","0",,"16180;16196;16198","Nature's Guidance;Nature's Guidance;Nature's Guidance","0","0","0"
"Shaman","Restoration","262","587","2","1","0",,"16181;16230;16232;16233;16234","Healing Focus;Healing Focus;Healing Focus;Healing Focus;Healing Focus","0","0","0"
"Shaman","Restoration","262","582","2","2","0",,"16189","Totemic Mastery","0","0","0"
"Shaman","Restoration","262","1646","2","3","0",,"29187;29189;29191","Healing Grace;Healing Grace;Healing Grace","0","0","0"
"Shaman","Restoration","262","588","3","1","0",,"16187;16205;16206;16207;16208","Restorative Totems;Restorative Totems;Restorative Totems;Restorative Totems;Restorative Totems","0","0","0"
"Shaman","Restoration","262","594","3","2","0",,"16194;16218;16219;16220;16221","Tidal Mastery;Tidal Mastery;Tidal Mastery;Tidal Mastery;Tidal Mastery","0","0","0"
"Shaman","Restoration","262","1648","4","0","0",,"29206;29205;29202","Healing Way;Healing Way;Healing Way","0","0","0"
"Shaman","Restoration","262","591","4","2","0",,"16188","Nature's Swiftness","0","0","0"
"Shaman","Restoration","262","1695","4","3","0",,"30864;30865;30866","Focused Mind;Focused Mind;Focused Mind","0","0","0"
"Shaman","Restoration","262","592","5","2","0",,"16178;16210;16211;16212;16213","Purification;Purification;Purification;Purification;Purification","0","0","0"
"Shaman","Restoration","262","590","6","1","0",,"16190","Mana Tide Totem","588","4","0"
"Shaman","Restoration","262","1699","6","2","0",,"30881;30883;30884;30885;30886","Nature's Guardian;Nature's Guardian;Nature's Guardian;Nature's Guardian;Nature's Guardian","0","0","0"
"Shaman","Restoration","262","1696","7","1","0",,"30867;30868;30869","Nature's Blessing;Nature's Blessing;Nature's Blessing","0","0","0"
"Shaman","Restoration","262","1697","7","2","0",,"30872;30873","Improved Chain Heal;Improved Chain Heal","0","0","0"
"Shaman","Restoration","262","1698","8","1","0",,"974","Earth Shield","1696","2","0"
"Shaman","Enhancement","263","614","0","1","0",,"17485;17486;17487;17488;17489","Ancestral Knowledge;Ancestral Knowledge;Ancestral Knowledge;Ancestral Knowledge;Ancestral Knowledge","0","0","0"
"Shaman","Enhancement","263","612","0","2","0",,"16253;16298;16299;16300;16301","Shield Specialization;Shield Specialization;Shield Specialization;Shield Specialization;Shield Specialization","0","0","0"
"Shaman","Enhancement","263","609","1","0","0",,"16258;16293","Guardian Totems;Guardian Totems","0","0","0"
"Shaman","Enhancement","263","613","1","1","0",,"16255;16302;16303;16304;16305","Thundering Strikes;Thundering Strikes;Thundering Strikes;Thundering Strikes;Thundering Strikes","0","0","0"
"Shaman","Enhancement","263","605","1","2","0",,"16262;16287","Improved Ghost Wolf;Improved Ghost Wolf","0","0","0"
"Shaman","Enhancement","263","607","1","3","0",,"16261;16290;16291","Improved Lightning Shield;Improved Lightning Shield;Improved Lightning Shield","0","0","0"
"Shaman","Enhancement","263","610","2","0","0",,"16259;16295","Enhancing Totems;Enhancing Totems","0","0","0"
"Shaman","Enhancement","263","617","2","2","0",,"43338","Shamanistic Focus","0","0","0"
"Shaman","Enhancement","263","601","2","3","0",,"16254;16271;16272;16273;16274","Anticipation;Anticipation;Anticipation;Anticipation;Anticipation","0","0","0"
"Shaman","Enhancement","263","602","3","1","0",,"16256;16281;16282;16283;16284","Flurry;Flurry;Flurry;Flurry;Flurry","613","4","0"
"Shaman","Enhancement","263","615","3","2","0",,"16252;16306;16307;16308;16309","Toughness;Toughness;Toughness;Toughness;Toughness","0","0","0"
"Shaman","Enhancement","263","1647","4","0","0",,"29192;29193","Improved Weapon Totems;Improved Weapon Totems","0","0","0"
"Shaman","Enhancement","263","616","4","1","0",,"16268","Spirit Weapons","0","0","0"
"Shaman","Enhancement","263","611","4","2","0",,"16266;29079;29080","Elemental Weapons;Elemental Weapons;Elemental Weapons","0","0","0"
"Shaman","Enhancement","263","1691","5","0","0",,"30812;30813;30814","Mental Quickness;Mental Quickness;Mental Quickness","0","0","0"
"Shaman","Enhancement","263","1643","5","3","0",,"29082;29084;29086;29087;29088","Weapon Mastery;Weapon Mastery;Weapon Mastery;Weapon Mastery;Weapon Mastery","0","0","0"
"Shaman","Enhancement","263","1692","6","0","0",,"30816;30818;30819","Dual Wield Specialization;Dual Wield Specialization;Dual Wield Specialization","1690","0","0"
"Shaman","Enhancement","263","1690","6","1","0",,"30798","Dual Wield","616","0","0"
"Shaman","Enhancement","263","901","6","2","0",,"17364","Stormstrike","611","2","0"
"Shaman","Enhancement","263","1689","7","1","0",,"30802;30808;30809;30810;30811","Unleashed Rage;Unleashed Rage;Unleashed Rage;Unleashed Rage;Unleashed Rage","0","0","0"
"Shaman","Enhancement","263","1693","8","1","0",,"30823","Shamanistic Rage","0","0","0"
"Warlock","Destruction","301","944","0","1","0",,"17793;17796;17801;17802;17803","Improved Shadow Bolt;Improved Shadow Bolt;Improved Shadow Bolt;Improved Shadow Bolt;Improved Shadow Bolt","0","0","0"
"Warlock","Destruction","301","941","0","2","0",,"17778;17779;17780;17781;17782","Cataclysm;Cataclysm;Cataclysm;Cataclysm;Cataclysm","0","0","0"
"Warlock","Destruction","301","943","1","1","0",,"17788;17789;17790;17791;17792","Bane;Bane;Bane;Bane;Bane","0","0","0"
"Warlock","Destruction","301","982","1","2","0",,"18119;18120;18121;18122;18123","Aftermath;Aftermath;Aftermath;Aftermath;Aftermath","0","0","0"
"Warlock","Destruction","301","983","2","0","0",,"18126;18127","Improved Firebolt;Improved Firebolt","0","0","0"
"Warlock","Destruction","301","984","2","1","0",,"18128;18129","Improved Lash of Pain;Improved Lash of Pain","0","0","0"
"Warlock","Destruction","301","981","2","2","0",,"18130;18131;18132;18133;18134","Devastation;Devastation;Devastation;Devastation;Devastation","0","0","0"
"Warlock","Destruction","301","963","2","3","0",,"17877","Shadowburn","0","0","0"
"Warlock","Destruction","301","985","3","0","0",,"18135;18136","Intensity;Intensity","0","0","0"
"Warlock","Destruction","301","964","3","1","0",,"17917;17918","Destructive Reach;Destructive Reach","0","0","0"
"Warlock","Destruction","301","965","3","3","0",,"17927;17929;17930","Improved Searing Pain;Improved Searing Pain;Improved Searing Pain","0","0","0"
"Warlock","Destruction","301","986","4","0","0",,"18096;18073","Pyroclasm;Pyroclasm","985","1","0"
"Warlock","Destruction","301","961","4","1","0",,"17815;17833;17834;17835;17836","Improved Immolate;Improved Immolate;Improved Immolate;Improved Immolate;Improved Immolate","0","0","0"
"Warlock","Destruction","301","967","4","2","0",,"17959","Ruin","981","4","0"
"Warlock","Destruction","301","1679","5","0","0",,"30299;30301;30302","Nether Protection;Nether Protection;Nether Protection","0","0","0"
"Warlock","Destruction","301","966","5","2","0",,"17954;17955;17956;17957;17958","Emberstorm;Emberstorm;Emberstorm;Emberstorm;Emberstorm","0","0","0"
"Warlock","Destruction","301","1817","6","0","0",,"34935;34938;34939","Backlash;Backlash;Backlash","0","0","0"
"Warlock","Destruction","301","968","6","1","0",,"17962","Conflagrate","961","4","0"
"Warlock","Destruction","301","1678","6","2","0",,"30293;30295;30296","Soul Leech;Soul Leech;Soul Leech","0","0","0"
"Warlock","Destruction","301","1677","7","1","0",,"30288;30289;30290;30291;30292","Shadow and Flame;Shadow and Flame;Shadow and Flame;Shadow and Flame;Shadow and Flame","0","0","0"
"Warlock","Destruction","301","1676","8","1","0",,"30283","Shadowfury","1677","4","0"
"Warlock","Affliction","302","1005","0","1","0",,"18174;18175;18176;18177;18178","Suppression;Suppression;Suppression;Suppression;Suppression","0","0","0"
"Warlock","Affliction","302","1003","0","2","0",,"17810;17811;17812;17813;17814","Improved Corruption;Improved Corruption;Improved Corruption;Improved Corruption;Improved Corruption","0","0","0"
"Warlock","Affliction","302","1006","1","0","0",,"18179;18180","Improved Curse of Weakness;Improved Curse of Weakness","0","0","0"
"Warlock","Affliction","302","1101","1","1","0",,"18213;18372","Improved Drain Soul;Improved Drain Soul","0","0","0"
"Warlock","Affliction","302","1007","1","2","0",,"18182;18183","Improved Life Tap;Improved Life Tap","0","0","0"
"Warlock","Affliction","302","1004","1","3","0",,"17804;17805","Soul Siphon;Soul Siphon","0","0","0"
"Warlock","Affliction","302","1284","2","0","0",,"18827;18829","Improved Curse of Agony;Improved Curse of Agony","0","0","0"
"Warlock","Affliction","302","1001","2","1","0",,"17783;17784;17785;17786;17787","Fel Concentration;Fel Concentration;Fel Concentration;Fel Concentration;Fel Concentration","0","0","0"
"Warlock","Affliction","302","1061","2","2","0",,"18288","Amplify Curse","0","0","0"
"Warlock","Affliction","302","1021","3","0","0",,"18218;18219","Grim Reach;Grim Reach","0","0","0"
"Warlock","Affliction","302","1002","3","1","0",,"18094;18095","Nightfall;Nightfall","0","0","0"
"Warlock","Affliction","302","1764","3","3","0",,"32381;32382;32383","Empowered Corruption;Empowered Corruption;Empowered Corruption","0","0","0"
"Warlock","Affliction","302","1763","4","0","0",,"32385;32387;32392;32393;32394","Shadow Embrace;Shadow Embrace;Shadow Embrace;Shadow Embrace;Shadow Embrace","0","0","0"
"Warlock","Affliction","302","1041","4","1","0",,"18265","Siphon Life","0","0","0"
"Warlock","Affliction","302","1081","4","2","0",,"18223","Curse of Exhaustion","1061","0","0"
"Warlock","Affliction","302","1042","5","1","0",,"18271;18272;18273;18274;18275","Shadow Mastery;Shadow Mastery;Shadow Mastery;Shadow Mastery;Shadow Mastery","1041","0","0"
"Warlock","Affliction","302","1669","6","1","0",,"30060;30061;30062;30063;30064","Contagion;Contagion;Contagion;Contagion;Contagion","0","0","0"
"Warlock","Affliction","302","1022","6","2","0",,"18220","Dark Pact","0","0","0"
"Warlock","Affliction","302","1668","7","0","0",,"30054;30057","Improved Howl of Terror;Improved Howl of Terror","0","0","0"
"Warlock","Affliction","302","1667","7","2","0",,"32477;32483;32484","Malediction;Malediction;Malediction","0","0","0"
"Warlock","Affliction","302","1670","8","1","0",,"30108","Unstable Affliction","1669","4","0"
"Warlock","Demonology","303","1221","0","0","0",,"18692;18693","Improved Healthstone;Improved Healthstone","0","0","0"
"Warlock","Demonology","303","1222","0","1","0",,"18694;18695;18696","Improved Imp;Improved Imp;Improved Imp","0","0","0"
"Warlock","Demonology","303","1223","0","2","0",,"18697;18698;18699;18700;18701","Demonic Embrace;Demonic Embrace;Demonic Embrace;Demonic Embrace;Demonic Embrace","0","0","0"
"Warlock","Demonology","303","1224","1","0","0",,"18703;18704","Improved Health Funnel;Improved Health Funnel","0","0","0"
"Warlock","Demonology","303","1225","1","1","0",,"18705;18706;18707","Improved Voidwalker;Improved Voidwalker;Improved Voidwalker","0","0","0"
"Warlock","Demonology","303","1242","1","2","0",,"18731;18743;18744","Fel Intellect;Fel Intellect;Fel Intellect","0","0","0"
"Warlock","Demonology","303","1243","2","0","0",,"18754;18755;18756","Improved Sayaad;Improved Sayaad;Improved Sayaad","0","0","0"
"Warlock","Demonology","303","1226","2","1","0",,"18708","Fel Domination","0","0","0"
"Warlock","Demonology","303","1241","2","2","0",,"18748;18749;18750","Fel Stamina;Fel Stamina;Fel Stamina","0","0","0"
"Warlock","Demonology","303","1671","2","3","0",,"30143;30144;30145","Demonic Aegis;Demonic Aegis;Demonic Aegis","0","0","0"
"Warlock","Demonology","303","1227","3","1","0",,"18709;18710","Master Summoner;Master Summoner","1226","0","0"
"Warlock","Demonology","303","1262","3","2","0",,"18769;18770;18771;18772;18773","Unholy Power;Unholy Power;Unholy Power;Unholy Power;Unholy Power","0","4","0"
"Warlock","Demonology","303","1283","4","0","0",,"18821;18822","Improved Subjugate Demon;Improved Subjugate Demon","0","0","0"
"Warlock","Demonology","303","1281","4","1","0",,"18788","Demonic Sacrifice","0","0","0"
"Warlock","Demonology","303","1261","4","3","0",,"18767;18768","Master Conjuror;Master Conjuror","0","0","0"
"Warlock","Demonology","303","1681","5","0","0",,"30326;30327;30328","Mana Feed;Mana Feed;Mana Feed","0","0","0"
"Warlock","Demonology","303","1244","5","2","0",,"23785;23822;23823;23824;23825","Master Demonologist;Master Demonologist;Master Demonologist;Master Demonologist;Master Demonologist","1262","4","0"
"Warlock","Demonology","303","1680","6","0","0",,"30319;30320;30321","Demonic Resilience;Demonic Resilience;Demonic Resilience","0","0","0"
"Warlock","Demonology","303","1282","6","1","0",,"19028","Soul Link","1281","0","0"
"Warlock","Demonology","303","1263","6","2","0",,"35691;35692;35693","Demonic Knowledge;Demonic Knowledge;Demonic Knowledge","0","0","0"
"Warlock","Demonology","303","1673","7","1","0",,"30242;30245;30246;30247;30248","Demonic Tactics;Demonic Tactics;Demonic Tactics;Demonic Tactics;Demonic Tactics","0","0","0"
"Warlock","Demonology","303","1672","8","1","0",,"30146","Summon Felguard","0","0","0"
"Warrior","Arms","161","124","0","0","0",,"12282;12663;12664","Improved Heroic Strike;Improved Heroic Strike;Improved Heroic Strike","0","0","0"
"Warrior","Arms","161","130","0","1","0",,"16462;16463;16464;16465;16466","Deflection;Deflection;Deflection;Deflection;Deflection","0","0","0"
"Warrior","Arms","161","127","0","2","0",,"12286;12658;12659","Improved Rend;Improved Rend;Improved Rend","0","0","0"
"Warrior","Arms","161","126","1","0","0",,"12285;12697","Improved Charge;Improved Charge","0","0","0"
"Warrior","Arms","161","641","1","1","0",,"12300;12959;12960;12961;12962","Iron Will;Iron Will;Iron Will;Iron Will;Iron Will","0","0","0"
"Warrior","Arms","161","128","1","2","0",,"12287;12665;12666","Improved Thunder Clap;Improved Thunder Clap;Improved Thunder Clap","0","0","0"
"Warrior","Arms","161","131","2","0","0",,"12290;12963","Improved Overpower;Improved Overpower","0","0","0"
"Warrior","Arms","161","137","2","1","0",,"12296","Anger Management","0","0","0"
"Warrior","Arms","161","121","2","2","0",,"12834;12849;12867","Deep Wounds;Deep Wounds;Deep Wounds","0","0","0"
"Warrior","Arms","161","136","3","1","0",,"12163;12711;12712;12713;12714","Two-Handed Weapon Specialization;Two-Handed Weapon Specialization;Two-Handed Weapon Specialization;Two-Handed Weapon Specialization;Two-Handed Weapon Specialization","0","0","0"
"Warrior","Arms","161","662","3","2","0",,"16493;16494","Impale;Impale","121","2","0"
"Warrior","Arms","161","132","4","0","0",,"12700;12781;12783;12784;12785","Poleaxe Specialization;Poleaxe Specialization;Poleaxe Specialization;Poleaxe Specialization;Poleaxe Specialization","0","0","0"
"Warrior","Arms","161","133","4","1","0",,"12292","Death Wish","0","0","0"
"Warrior","Arms","161","125","4","2","0",,"12284;12701;12702;12703;12704","Mace Specialization;Mace Specialization;Mace Specialization;Mace Specialization;Mace Specialization","0","0","0"
"Warrior","Arms","161","123","4","3","0",,"12281;12812;12813;12814;12815","Sword Specialization;Sword Specialization;Sword Specialization;Sword Specialization;Sword Specialization","0","0","0"
"Warrior","Arms","161","134","5","0","0",,"29888;29889","Improved Intercept;Improved Intercept","0","0","0"
"Warrior","Arms","161","129","5","2","0",,"12289;12668;23695","Improved Hamstring;Improved Hamstring;Improved Hamstring","0","0","0"
"Warrior","Arms","161","1662","5","3","0",,"29723;29724;29725","Improved Disciplines;Improved Disciplines;Improved Disciplines","0","0","0"
"Warrior","Arms","161","1664","6","0","0",,"29836;29859","Blood Frenzy;Blood Frenzy","0","0","0"
"Warrior","Arms","161","135","6","1","0",,"12294","Mortal Strike","133","0","0"
"Warrior","Arms","161","1663","6","2","0",,"29834;29838","Second Wind;Second Wind","0","0","0"
"Warrior","Arms","161","1824","7","1","0",,"35446;35448;35449;35450;35451","Improved Mortal Strike;Improved Mortal Strike;Improved Mortal Strike;Improved Mortal Strike;Improved Mortal Strike","135","0","0"
"Warrior","Arms","161","1661","8","1","0",,"29623","Endless Rage","0","0","0"
"Warrior","Protection","163","142","0","0","0",,"12301;12818","Improved Bloodrage;Improved Bloodrage","0","0","0"
"Warrior","Protection","163","141","0","1","0",,"12295;12676;12677","Tactical Mastery;Tactical Mastery;Tactical Mastery","0","0","0"
"Warrior","Protection","163","138","0","2","0",,"12297;12750;12751;12752;12753","Anticipation;Anticipation;Anticipation;Anticipation;Anticipation","0","0","0"
"Warrior","Protection","163","1601","1","1","0",,"12298;12724;12725;12726;12727","Shield Specialization;Shield Specialization;Shield Specialization;Shield Specialization;Shield Specialization","0","0","0"
"Warrior","Protection","163","140","1","2","0",,"12299;12761;12762;12763;12764","Toughness;Toughness;Toughness;Toughness;Toughness","0","0","0"
"Warrior","Protection","163","153","2","0","0",,"12975","Last Stand","0","0","0"
"Warrior","Protection","163","145","2","1","0",,"12945","Improved Shield Block","1601","4","0"
"Warrior","Protection","163","147","2","2","0",,"12797;12799;12800","Improved Revenge;Improved Revenge;Improved Revenge","0","0","0"
"Warrior","Protection","163","144","2","3","0",,"12303;12788;12789","Defiance;Defiance;Defiance","0","0","0"
"Warrior","Protection","163","146","3","0","0",,"12308;12810;12811","Improved Sunder Armor;Improved Sunder Armor;Improved Sunder Armor","0","0","0"
"Warrior","Protection","163","151","3","1","0",,"12313;12804;12807","Improved Disarm;Improved Disarm;Improved Disarm","0","0","0"
"Warrior","Protection","163","143","3","2","0",,"12302;12765","Improved Taunt;Improved Taunt","0","0","0"
"Warrior","Protection","163","150","4","0","0",,"12312;12803","Improved Shield Wall;Improved Shield Wall","0","0","0"
"Warrior","Protection","163","152","4","1","0",,"12809","Concussion Blow","0","0","0"
"Warrior","Protection","163","149","4","2","0",,"12311;12958","Improved Shield Bash;Improved Shield Bash","0","0","0"
"Warrior","Protection","163","1654","5","0","0",,"29598;29599;29600","Shield Mastery;Shield Mastery;Shield Mastery","0","0","0"
"Warrior","Protection","163","702","5","2","0",,"16538;16539;16540;16541;16542","One-Handed Weapon Specialization;One-Handed Weapon Specialization;One-Handed Weapon Specialization;One-Handed Weapon Specialization;One-Handed Weapon Specialization","0","0","0"
"Warrior","Protection","163","1652","6","0","0",,"29593;29594;29595","Improved Defensive Stance;Improved Defensive Stance;Improved Defensive Stance","0","0","0"
"Warrior","Protection","163","148","6","1","0",,"23922","Shield Slam","152","0","0"
"Warrior","Protection","163","1660","6","2","0",,"29787;29790;29792","Focused Rage;Focused Rage;Focused Rage","0","0","0"
"Warrior","Protection","163","1653","7","1","0",,"29140;29143;29144;29145;29146","Vitality;Vitality;Vitality;Vitality;Vitality","0","0","0"
"Warrior","Protection","163","1666","8","1","0",,"20243","Devastate","0","0","0"
"Warrior","Fury","164","158","0","1","0",,"12321;12835;12836;12837;12838","Booming Voice;Booming Voice;Booming Voice;Booming Voice;Booming Voice","0","0","0"
"Warrior","Fury","164","157","0","2","0",,"12320;12852;12853;12855;12856","Cruelty;Cruelty;Cruelty;Cruelty;Cruelty","0","0","0"
"Warrior","Fury","164","161","1","1","0",,"12324;12876;12877;12878;12879","Improved Demoralizing Shout;Improved Demoralizing Shout;Improved Demoralizing Shout;Improved Demoralizing Shout;Improved Demoralizing Shout","0","0","0"
"Warrior","Fury","164","159","1","2","0",,"12322;12999;13000;13001;13002","Unbridled Wrath;Unbridled Wrath;Unbridled Wrath;Unbridled Wrath;Unbridled Wrath","0","0","0"
"Warrior","Fury","164","166","2","0","0",,"12329;12950;20496","Improved Cleave;Improved Cleave;Improved Cleave","0","0","0"
"Warrior","Fury","164","160","2","1","0",,"12323","Piercing Howl","0","0","0"
"Warrior","Fury","164","661","2","2","0",,"16487;16489;16492","Blood Craze;Blood Craze;Blood Craze","0","0","0"
"Warrior","Fury","164","154","2","3","0",,"12318;12857;12858;12860;12861","Commanding Presence;Commanding Presence;Commanding Presence;Commanding Presence;Commanding Presence","0","0","0"
"Warrior","Fury","164","1581","3","0","0",,"23584;23585;23586;23587;23588","Dual Wield Specialization;Dual Wield Specialization;Dual Wield Specialization;Dual Wield Specialization;Dual Wield Specialization","0","0","0"
"Warrior","Fury","164","1542","3","1","0",,"20502;20503","Improved Execute;Improved Execute","0","0","0"
"Warrior","Fury","164","155","3","2","0",,"12317;13045;13046;13047;13048","Enrage;Enrage;Enrage;Enrage;Enrage","0","0","0"
"Warrior","Fury","164","168","4","0","0",,"12862;12330","Improved Slam;Improved Slam","0","0","0"
"Warrior","Fury","164","165","4","1","0",,"12328","Sweeping Strikes","0","0","0"
"Warrior","Fury","164","1543","4","3","0",,"20504;20505","Weapon Mastery;Weapon Mastery","0","0","0"
"Warrior","Fury","164","1541","5","0","0",,"20500;20501","Improved Berserker Rage;Improved Berserker Rage","0","0","0"
"Warrior","Fury","164","156","5","2","0",,"12319;12971;12972;12973;12974","Flurry;Flurry;Flurry;Flurry;Flurry","155","4","0"
"Warrior","Fury","164","1657","6","0","0",,"29590;29591;29592","Precision;Precision;Precision","0","0","0"
"Warrior","Fury","164","167","6","1","0",,"23881","Bloodthirst","165","0","0"
"Warrior","Fury","164","1655","6","2","0",,"29721;29776","Improved Whirlwind;Improved Whirlwind","0","0","0"
"Warrior","Fury","164","1658","7","2","0",,"29759;29760;29761;29762;29763","Improved Berserker Stance;Improved Berserker Stance;Improved Berserker Stance;Improved Berserker Stance;Improved Berserker Stance","0","0","0"
"Warrior","Fury","164","1659","8","1","0",,"29801","Rampage","167","0","0"
