ID,SpellID,StanceBarOrder,ShapeshiftExclude_0,ShapeshiftExclude_1,ShapeshiftMask_0,ShapeshiftMask_1
39297,598,0,134217728,0,0,0
39299,139,0,134217728,0,-2147483648,0
39303,71,1,0,0,0,0
39304,585,0,134217728,0,0,0
39305,586,0,0,0,134217728,0
39306,99,0,0,0,144,0
39307,467,0,2,0,1073741824,0
39312,589,0,0,0,134217728,0
39313,591,0,134217728,0,0,0
39314,724,0,134217728,0,-2147483648,0
39315,596,0,134217728,0,-2147483648,0
39316,552,0,134217728,0,0,0
39317,594,0,0,0,134217728,0
39321,100,0,0,0,65536,0
39322,453,0,0,0,134217728,0
39324,602,0,0,0,134217728,0
39325,921,0,0,0,536870912,0
39326,984,0,134217728,0,0,0
39327,527,0,0,0,134217728,0
39328,528,0,134217728,0,0,0
39331,779,0,0,0,144,0
39332,780,0,0,0,144,0
39334,783,3,1073741826,0,0,0
39336,772,0,0,0,196608,0
39340,703,0,0,0,536870912,0
39343,782,0,2,0,1073741824,0
39345,1004,0,134217728,0,0,0
39346,605,0,0,0,134217728,0
39347,72,0,0,0,196608,0
39348,588,0,0,0,134217728,0
39350,355,0,0,0,131072,0
39351,676,0,0,0,131072,0
39355,871,0,0,0,131072,0
39356,1430,0,1073741824,0,2,0
39359,1735,0,0,0,144,0
39360,1075,0,2,0,1073741824,0
39362,2060,0,134217728,0,-2147483648,0
39363,2061,0,134217728,0,-2147483648,0
39364,1671,0,0,0,196608,0
39365,1672,0,0,0,196608,0
39366,1825,0,0,0,1,0
39367,27546,4,0,0,0,0
39370,27555,0,0,0,16384,0
39374,1244,0,0,0,134217728,0
39375,774,0,1073741824,0,2,0
39376,1082,0,0,0,1,0
39378,2791,0,0,0,134217728,0
39380,768,2,1073741826,0,0,0
39382,769,0,0,0,144,0
39383,770,0,2,0,1073741824,0
39386,2565,0,0,0,131072,0
39387,3029,0,0,0,1,0
39389,1680,0,0,0,262144,0
39391,988,0,0,0,134217728,0
39392,740,0,1073741824,0,2,0
39393,1066,1,1073741826,0,0,0
39396,1178,0,0,0,16,0
39397,1706,0,0,0,134217728,0
39398,976,0,0,0,134217728,0
39399,1243,0,0,0,134217728,0
39402,778,0,2,0,1073741824,0
39403,1245,0,0,0,134217728,0
39405,1058,0,1073741824,0,2,0
39406,2006,0,134217728,0,0,0
39409,996,0,134217728,0,-2147483648,0
39410,970,0,0,0,134217728,0
39411,1715,0,0,0,327680,0
39413,2908,0,2,0,1073741824,0
39414,2912,0,2,0,1073741824,0
39415,9592,0,0,0,134217728,0
39416,1850,0,0,0,1,0
39417,2944,0,0,0,134217728,0
39419,3747,0,0,0,134217728,0
39423,1126,0,1073741826,0,0,0
39425,3025,0,0,0,1,0
39426,2652,0,0,0,134217728,0
39431,2767,0,0,0,134217728,0
39432,1824,0,0,0,1,0
39433,2782,0,2,0,0,0
39436,2054,0,134217728,0,-2147483648,0
39437,2055,0,134217728,0,-2147483648,0
39440,2010,0,134217728,0,0,0
39441,1823,0,0,0,1,0
39442,2090,0,1073741824,0,2,0
39443,2893,0,1073741824,0,0,0
39444,2637,0,2,0,1073741824,0
39447,2096,0,0,0,134217728,0
39448,2050,0,134217728,0,-2147483648,0
39449,2052,0,134217728,0,-2147483648,0
39450,2070,0,0,0,536870912,0
39451,2091,0,1073741824,0,2,0
39452,2651,0,0,0,134217728,0
39453,2053,0,134217728,0,-2147483648,0
39455,1822,0,0,0,1,0
39457,1833,0,0,0,536870912,0
39459,3026,2,0,0,0,0
39460,3627,0,1073741824,0,2,0
39462,9492,0,0,0,1,0
39465,2458,2,0,0,0,0
39466,9490,0,0,0,144,0
39470,5186,0,1073741826,0,0,0
39472,5308,0,0,0,327680,0
39473,5187,0,1073741826,0,0,0
39474,5188,0,1073741826,0,0,0
39475,5185,0,1073741826,0,0,0
39476,6076,0,134217728,0,-2147483648,0
39477,5221,0,0,0,1,0
39478,6074,0,134217728,0,-2147483648,0
39479,6075,0,134217728,0,-2147483648,0
39480,5189,0,1073741826,0,0,0
39481,6060,0,134217728,0,0,0
39482,6064,0,134217728,0,-2147483648,0
39484,6077,0,134217728,0,-2147483648,0
39486,9889,0,1073741826,0,0,0
39488,5421,0,0,0,8,0
39489,5201,0,0,0,1,0
39490,6063,0,134217728,0,-2147483648,0
39491,5225,0,0,0,1,0
39494,9888,0,1073741826,0,0,0
39495,5180,0,2,0,1073741824,0
39496,5215,0,0,0,1,0
39497,5217,0,0,0,1,0
39498,5229,0,0,0,144,0
39499,5232,0,1073741826,0,0,0
39500,5176,0,2,0,1073741824,0
39501,5177,0,2,0,1073741824,0
39502,5178,0,2,0,1073741824,0
39503,5179,0,2,0,1073741824,0
39504,5420,0,0,0,2,0
39505,5209,0,0,0,144,0
39506,5211,0,0,0,144,0
39510,6554,0,0,0,262144,0
39516,9752,0,0,0,1,0
39518,5487,0,1073741826,0,0,0
39519,5234,0,1073741826,0,0,0
39521,9747,0,0,0,144,0
39522,6546,0,0,0,196608,0
39524,9749,0,2,0,1073741824,0
39525,9750,0,1073741824,0,2,0
39526,6078,0,134217728,0,-2147483648,0
39534,5570,0,2,0,1073741824,0
39539,6065,0,0,0,134217728,0
39546,7294,1,0,0,0,0
39548,6785,0,0,0,1,0
39549,6548,0,0,0,196608,0
39552,6770,0,0,0,536870912,0
39555,6783,0,0,0,1,0
39556,6572,0,0,0,131072,0
39557,6547,0,0,0,196608,0
39558,9745,0,0,0,144,0
39560,7384,0,0,0,65536,0
39562,7128,0,0,0,134217728,0
39564,6756,0,1073741826,0,0,0
39565,6552,0,0,0,262144,0
39575,6778,0,1073741826,0,0,0
39576,6780,0,2,0,1073741824,0
39577,6343,0,0,0,196608,0
39580,6178,0,0,0,65536,0
39581,6795,0,0,0,144,0
39583,6793,0,0,0,1,0
39584,6809,0,0,0,144,0
39588,6798,0,0,0,144,0
39589,6800,0,0,0,1,0
39590,1006,0,0,0,134217728,0
39591,7922,0,0,0,65536,0
39592,25999,0,0,0,144,0
39594,992,0,0,0,134217728,0
39595,7373,0,0,0,327680,0
39596,8949,0,2,0,1073741824,0
39598,6807,0,0,0,144,0
39600,7887,0,0,0,65536,0
39604,7402,0,0,0,65536,0
39606,8972,0,0,0,144,0
39607,8951,0,2,0,1073741824,0
39613,8955,0,2,0,1073741824,0
39614,6066,0,0,0,134217728,0
39615,7092,0,0,0,8192,0
39616,1079,0,0,0,1,0
39617,7379,0,0,0,131072,0
39620,7744,0,0,0,134217728,0
39621,7400,0,0,0,65536,0
39625,8676,0,0,0,536870912,0
39626,8104,0,0,0,134217728,0
39628,9493,0,0,0,1,0
39630,8129,0,0,0,134217728,0
39633,8105,0,0,0,134217728,0
39634,8106,0,0,0,134217728,0
39635,8631,0,0,0,536870912,0
39637,8632,0,0,0,536870912,0
39638,600,0,0,0,134217728,0
39641,8914,0,2,0,1073741824,0
39644,8204,0,0,0,196608,0
39645,6574,0,0,0,131072,0
39646,6808,0,0,0,144,0
39647,8192,0,0,0,134217728,0
39648,6787,0,0,0,1,0
39649,6788,0,0,0,1,0
39650,7372,0,0,0,327680,0
39651,8131,0,0,0,134217728,0
39652,8918,0,1073741824,0,2,0
39656,8122,0,0,0,134217728,0
39657,8983,0,0,0,144,0
39659,8205,0,0,0,196608,0
39660,8725,0,0,0,536870912,0
39661,9856,0,1073741824,0,2,0
39662,9913,0,0,0,1,0
39663,9857,0,1073741824,0,2,0
39664,9845,0,0,0,1,0
39665,9846,0,0,0,1,0
39666,8936,0,1073741824,0,2,0
39667,9484,0,0,0,134217728,0
39668,9634,0,1073741826,0,0,0
39671,9578,0,0,0,134217728,0
39672,9756,0,2,0,1073741824,0
39674,9635,0,0,0,128,0
39675,14914,0,134217728,0,0,0
39676,9835,0,2,0,1073741824,0
39677,9485,0,0,0,134217728,0
39679,1719,0,0,0,262144,0
39680,9850,0,0,0,1,0
39682,9821,0,0,0,1,0
39684,8905,0,2,0,1073741824,0
39686,9833,0,2,0,1073741824,0
39687,10951,0,0,0,134217728,0
39688,9758,0,1073741826,0,0,0
39689,8921,0,2,0,1073741824,0
39691,8924,0,2,0,1073741824,0
39692,8938,0,1073741824,0,2,0
39693,8939,0,1073741824,0,2,0
39694,8103,0,0,0,134217728,0
39695,9907,0,2,0,1073741824,0
39696,8633,0,0,0,536870912,0
39697,8929,0,2,0,1073741824,0
39699,8198,0,0,0,196608,0
39700,9000,0,0,0,1,0
39701,8926,0,2,0,1073741824,0
39702,9904,0,0,0,1,0
39703,8927,0,2,0,1073741824,0
39705,8946,0,1073741824,0,0,0
39706,8903,0,1073741826,0,0,0
39707,8928,0,2,0,1073741824,0
39708,8998,0,0,0,1,0
39709,8124,0,0,0,134217728,0
39710,9862,0,1073741824,0,2,0
39711,8992,0,0,0,1,0
39712,17,0,0,0,134217728,0
39713,9839,0,1073741824,0,2,0
39714,9841,0,1073741824,0,2,0
39715,8925,0,2,0,1073741824,0
39716,9849,0,0,0,1,0
39717,8724,0,0,0,536870912,0
39718,9823,0,0,0,1,0
39719,9827,0,0,0,1,0
39720,9910,0,2,0,1073741824,0
39721,9912,0,2,0,1073741824,0
39722,8092,0,0,0,134217728,0
39723,10270,2,0,0,0,0
39724,13491,0,0,0,65536,0
39725,10892,0,0,0,134217728,0
39726,9866,0,0,0,1,0
39727,9898,0,0,0,144,0
39728,9901,0,2,0,1073741824,0
39729,10797,0,0,0,134217728,0
39730,10898,0,0,0,134217728,0
39732,10900,0,0,0,134217728,0
39733,9875,0,2,0,1073741824,0
39734,9867,0,0,0,1,0
39735,10957,0,0,0,134217728,0
39737,8950,0,2,0,1073741824,0
39738,10911,0,0,0,134217728,0
39740,8907,0,1073741826,0,0,0
39742,10301,1,0,0,0,0
39743,9863,0,1073741824,0,2,0
39744,10958,0,0,0,134217728,0
39746,694,0,0,0,65536,0
39749,9894,0,0,0,1,0
39750,8910,0,1073741824,0,2,0
39751,8940,0,1073741824,0,2,0
39752,8941,0,1073741824,0,2,0
39753,10300,1,0,0,0,0
39754,10899,0,0,0,134217728,0
39755,9896,0,0,0,1,0
39757,9840,0,1073741824,0,2,0
39758,10963,0,134217728,0,-2147483648,0
39759,10964,0,134217728,0,-2147483648,0
39760,9908,0,0,0,144,0
39761,9830,0,0,0,1,0
39762,9881,0,0,0,144,0
39763,9884,0,1073741826,0,0,0
39764,10965,0,134217728,0,-2147483648,0
39765,9035,0,0,0,134217728,0
39766,9472,0,134217728,0,-2147483648,0
39767,9473,0,134217728,0,-2147483648,0
39768,9474,0,134217728,0,-2147483648,0
39770,9834,0,2,0,1073741824,0
39774,9829,0,0,0,1,0
39775,10961,0,134217728,0,-2147483648,0
39776,9876,0,2,0,1073741824,0
39777,9579,0,0,0,134217728,0
39778,10901,0,0,0,134217728,0
39780,9858,0,1073741824,0,2,0
39781,9754,0,0,0,144,0
39782,10952,0,0,0,134217728,0
39785,9005,0,0,0,1,0
39786,9885,0,1073741826,0,0,0
39787,9880,0,0,0,144,0
39790,10953,0,0,0,134217728,0
39792,10946,0,0,0,134217728,0
39794,11581,0,0,0,196608,0
39795,14912,0,134217728,0,0,0
39796,10941,0,0,0,134217728,0
39797,10938,0,0,0,134217728,0
39798,10942,0,0,0,134217728,0
39799,11585,0,0,0,65536,0
39805,11578,0,0,0,65536,0
39807,9892,0,0,0,1,0
39808,10927,0,134217728,0,-2147483648,0
39810,10928,0,134217728,0,-2147483648,0
39811,10894,0,0,0,134217728,0
39813,10874,0,0,0,134217728,0
39814,10875,0,0,0,134217728,0
39816,10912,0,0,0,134217728,0
39817,10909,0,0,0,134217728,0
39819,10881,0,134217728,0,0,0
39820,10955,0,0,0,134217728,0
39823,10888,0,0,0,134217728,0
39824,10947,0,0,0,134217728,0
39825,10929,0,134217728,0,-2147483648,0
39827,10915,0,134217728,0,-2147483648,0
39828,10916,0,134217728,0,-2147483648,0
39829,10933,0,134217728,0,0,0
39830,10917,0,134217728,0,-2147483648,0
39832,10880,0,134217728,0,0,0
39833,10876,0,0,0,134217728,0
39835,10934,0,134217728,0,0,0
39836,10890,0,0,0,134217728,0
39837,10893,0,0,0,134217728,0
39838,10960,0,134217728,0,-2147483648,0
39844,12303,0,0,0,131072,0
39845,10937,0,0,0,134217728,0
39846,10298,1,0,0,0,0
39847,10299,1,0,0,0,0
39849,11580,0,0,0,196608,0
39850,10945,0,0,0,134217728,0
39853,11600,0,0,0,131072,0
39854,12789,0,0,0,131072,0
39855,11573,0,0,0,196608,0
39856,11574,0,0,0,196608,0
39857,11601,0,0,0,131072,0
39859,11289,0,0,0,536870912,0
39860,11290,0,0,0,536870912,0
39861,11572,0,0,0,196608,0
39862,11584,0,0,0,65536,0
39863,11268,0,0,0,536870912,0
39864,11327,0,0,0,536870912,0
39865,11269,0,0,0,536870912,0
39867,12788,0,0,0,131072,0
39869,11329,0,0,0,536870912,0
39870,13896,0,0,0,134217728,0
39871,13532,0,0,0,65536,0
39872,11267,0,0,0,536870912,0
39875,14913,0,134217728,0,0,0
39877,11297,0,0,0,536870912,0
39883,12161,0,0,0,8192,0
39885,14911,0,134217728,0,0,0
39886,15261,0,134217728,0,0,0
39887,15264,0,134217728,0,0,0
39888,15263,0,134217728,0,0,0
39891,592,0,0,0,134217728,0
39892,13908,0,134217728,0,0,0
39896,15014,0,134217728,0,0,0
39899,14818,0,0,0,134217728,0
39900,14819,0,0,0,134217728,0
39902,15018,0,134217728,0,0,0
39904,15020,0,134217728,0,0,0
39905,15362,0,134217728,0,0,0
39907,14908,0,134217728,0,0,0
39908,14909,0,134217728,0,0,0
39913,14183,0,0,0,536870912,0
39914,15025,0,134217728,0,0,0
39916,15237,0,134217728,0,0,0
39918,15017,0,134217728,0,0,0
39919,14904,0,134217728,0,0,0
39921,15265,0,134217728,0,0,0
39922,14898,0,134217728,0,0,0
39924,14902,0,0,0,536870912,0
39926,14889,0,134217728,0,0,0
39929,15010,0,134217728,0,0,0
39930,14892,0,134217728,0,0,0
39935,14751,0,0,0,134217728,0
39938,15012,0,134217728,0,0,0
39939,15013,0,134217728,0,0,0
39942,15356,0,134217728,0,0,0
39945,15266,0,134217728,0,0,0
39946,15267,0,134217728,0,0,0
39956,15727,0,0,0,8192,0
39958,15363,0,134217728,0,0,0
39959,15431,0,134217728,0,0,0
39960,14752,0,0,0,134217728,0
39961,15487,0,0,0,134217728,0
39963,15349,0,134217728,0,0,0
39967,15354,0,134217728,0,0,0
39970,15262,0,134217728,0,0,0
39972,17311,0,0,0,134217728,0
39975,15011,0,134217728,0,0,0
39988,8102,0,0,0,134217728,0
39996,16689,0,2,0,1073741969,0
40007,15024,0,134217728,0,0,0
40008,15026,0,134217728,0,0,0
40009,15027,0,134217728,0,0,0
40010,15008,0,134217728,0,0,0
40015,15009,0,134217728,0,0,0
40017,16954,0,0,0,1,0
40038,16329,0,0,0,134217728,0
40043,15355,0,134217728,0,0,0
40045,16953,0,0,0,1,0
40047,15407,0,0,0,134217728,0
40049,16053,0,0,0,134217728,0
40052,15430,0,134217728,0,0,0
40053,20218,6,0,0,0,0
40054,16813,0,2,0,1073741969,0
40058,16958,0,0,0,144,0
40062,16959,0,0,0,144,0
40064,16944,0,0,0,145,0
40066,16812,0,2,0,1073741969,0
40078,16942,0,0,0,145,0
40099,16979,0,0,0,144,0
40120,16943,0,0,0,145,0
40123,17390,0,0,0,145,0
40144,17392,0,0,0,145,0
40157,16961,0,0,0,144,0
40178,16952,0,0,0,1,0
40208,17314,0,0,0,134217728,0
40212,16914,0,2,0,1073741824,0
40246,17402,0,2,0,1073741824,0
40248,17401,0,2,0,1073741824,0
40256,17002,0,0,0,1,0
40259,18125,0,0,0,134217728,0
40267,18137,0,0,0,134217728,0
40271,19276,0,0,0,134217728,0
40303,17391,0,0,0,145,0
40317,16947,0,0,0,145,0
40328,16949,0,0,0,145,0
40335,16948,0,0,0,145,0
40336,18141,0,0,0,134217728,0
40345,16864,0,1073741826,0,0,0
40354,17313,0,0,0,134217728,0
40356,17116,0,1073741824,0,0,0
40371,17312,0,0,0,134217728,0
40377,17329,0,2,0,1073741969,0
40390,17191,0,134217728,0,0,0
40402,16857,0,0,0,145,0
40412,16811,0,2,0,1073741969,0
40420,16810,0,2,0,1073741969,0
40433,18976,2,0,0,0,0
40435,19236,0,134217728,0,0,0
40437,19238,0,134217728,0,0,0
40440,19240,0,134217728,0,0,0
40448,19304,0,0,0,134217728,0
40450,19305,0,0,0,134217728,0
40466,19275,0,0,0,134217728,0
40476,18530,0,134217728,0,0,0
40478,18534,0,134217728,0,0,0
40506,18535,0,134217728,0,0,0
40515,18531,0,134217728,0,0,0
40546,18425,0,0,0,134217728,0
40551,19273,0,0,0,134217728,0
40553,19241,0,134217728,0,0,0
40559,18533,0,134217728,0,0,0
40569,18498,0,0,0,134217728,0
40570,18499,0,0,0,262144,0
40573,19242,0,134217728,0,0,0
40583,19265,0,0,0,134217728,0
40593,19266,0,0,0,134217728,0
40599,20742,0,1073741824,0,0,0
40620,19243,0,134217728,0,0,0
40639,23920,0,0,0,196608,0
40643,19262,0,0,0,134217728,0
40645,19277,0,0,0,134217728,0
40646,19278,0,0,0,134217728,0
40650,18657,0,2,0,1073741824,0
40653,18658,0,2,0,1073741824,0
40675,20662,0,0,0,327680,0
40715,19900,5,0,0,0,0
40718,19279,0,0,0,134217728,0
40724,19280,0,0,0,134217728,0
40752,19895,3,0,0,0,0
40757,19285,0,0,0,134217728,0
40796,19271,0,0,0,134217728,0
40803,18469,0,0,0,134217728,0
40808,20761,2,0,0,0,0
40833,19299,0,0,0,134217728,0
40876,19274,0,0,0,134217728,0
40877,19308,0,0,0,134217728,0
40878,19303,0,0,0,134217728,0
40883,19264,0,0,0,134217728,0
40895,19261,0,0,0,134217728,0
40903,19282,0,0,0,134217728,0
40904,18807,0,0,0,134217728,0
40907,18562,0,1073741824,0,2,0
40909,19302,0,0,0,134217728,0
40956,19898,4,0,0,0,0
40957,20770,0,134217728,0,0,0
40978,19281,0,0,0,134217728,0
41000,19897,4,0,0,0,0
41036,19726,5,0,0,0,0
41039,19746,2,0,0,0,0
41040,19876,3,0,0,0,0
41050,19896,3,0,0,0,0
41051,19899,5,0,0,0,0
41060,20253,0,0,0,65536,0
41086,19312,0,0,0,134217728,0
41087,19309,0,0,0,134217728,0
41108,19283,0,0,0,134217728,0
41109,19284,0,0,0,134217728,0
41129,19891,5,0,0,0,0
41133,19748,7,0,0,0,0
41136,19311,0,0,0,134217728,0
41137,19310,0,0,0,134217728,0
41139,19296,0,0,0,134217728,0
41158,21562,0,0,0,134217728,0
41177,20615,0,0,0,65536,0
41178,20719,0,0,0,1,0
41215,21169,3,0,0,0,0
41220,19675,0,0,0,144,0
41223,20706,0,0,0,134217728,0
41232,20252,0,0,0,262144,0
41272,20614,0,0,0,65536,0
41275,19888,4,0,0,0,0
41279,20600,0,0,0,134217728,0
41333,21564,0,0,0,134217728,0
41337,20616,0,0,0,262144,0
41338,20617,0,0,0,262144,0
41353,20484,0,1073741824,0,0,0
41356,21850,0,1073741826,0,0,0
41393,20762,2,0,0,-2147483648,0
41394,20763,2,0,0,-2147483648,0
41427,20751,0,0,0,8192,0
41430,22895,0,0,0,144,0
41442,20739,0,1073741824,0,0,0
41446,20660,0,0,0,327680,0
41468,20759,2,0,0,0,0
41530,20707,2,0,0,-2147483648,0
41533,20658,0,0,0,327680,0
41534,20661,0,0,0,327680,0
41550,20760,2,0,0,0,0
41577,20230,0,0,0,65536,0
41586,20758,2,0,0,0,0
41587,20747,0,1073741824,0,0,0
41597,20559,0,0,0,65536,0
41652,20560,0,0,0,65536,0
41675,23459,0,134217728,0,0,0
41676,20748,0,1073741824,0,0,0
41696,20764,2,0,0,-2147483648,0
41697,20765,2,0,0,-2147483648,0
41722,22827,0,0,0,1,0
41793,22896,0,0,0,144,0
41795,21849,0,1073741826,0,0,0
41845,22570,0,0,0,1,0
41875,22828,0,0,0,1,0
41901,22829,0,0,0,1,0
41904,24043,0,0,0,1,0
41980,23700,1,0,0,0,0
41988,23455,0,134217728,0,0,0
42005,22823,0,0,0,134217728,0
42066,22842,0,0,0,144,0
42073,22568,0,0,0,1,0
42139,24238,0,0,0,1,0
42154,23218,0,0,0,149,0
42173,22822,0,0,0,134217728,0
42198,23947,0,0,0,134217728,0
42204,23948,0,0,0,134217728,0
42221,24900,0,0,0,1,0
42262,23964,0,0,0,134217728,0
42265,24899,0,0,0,144,0
42266,24858,4,2,0,0,0
42297,24866,0,0,0,1,0
42324,22752,0,0,0,1,0
42330,24867,0,0,0,145,0
42411,25142,0,0,0,144,0
42417,23458,0,134217728,0,0,0
42421,24905,0,0,0,1073741824,0
42423,24907,0,0,0,1073741824,0
42458,24042,0,0,0,144,0
42497,25288,0,0,0,131072,0
42527,24974,0,2,0,1073741824,0
42531,25314,0,134217728,0,-2147483648,0
42537,25297,0,1073741826,0,0,0
42539,24994,0,671588450,0,1073741969,0
42583,27681,0,0,0,134217728,0
42621,26153,0,671588450,0,1073741969,0
42625,27733,2,0,0,0,0
42641,24694,0,671588450,0,1073741969,0
42652,25315,0,134217728,0,-2147483648,0
42683,25316,0,134217728,0,-2147483648,0
42689,24697,0,671588450,0,1073741969,0
42691,23921,0,0,0,131072,0
42728,25299,0,1073741824,0,2,0
42745,24248,0,0,0,1,0
42790,28683,0,0,0,1,0
42877,25298,0,2,0,1073741824,0
42881,24932,0,0,0,145,0
42961,24975,0,2,0,1073741824,0
43042,27683,0,0,0,134217728,0
43120,24976,0,2,0,1073741824,0
43121,24977,0,2,0,1073741824,0
43123,26565,0,134217728,0,0,0
43172,27636,0,0,0,134217728,0
43175,27608,0,134217728,0,0,0
43219,27609,0,0,0,134217728,0
43247,25816,0,0,0,134217728,0
43262,27530,0,0,0,1073741824,0
43356,25771,0,0,0,1,0
43385,27870,0,134217728,0,-2147483648,0
43392,27986,0,0,0,134217728,0
43395,28717,0,671588450,0,1073741969,0
43457,27813,0,1073741824,0,0,0
43527,28154,0,671588450,0,1073741969,0
43540,27871,0,134217728,0,-2147483648,0
43569,27803,0,134217728,0,0,0
43587,27805,0,134217728,0,0,0
43588,27818,0,1073741824,0,0,0
43618,27817,0,1073741824,0,0,0
43632,27804,0,134217728,0,0,0
43655,27605,0,0,0,134217728,0
43659,27779,0,0,0,134217728,0
43664,27606,0,134217728,0,0,0
43665,27607,0,0,0,134217728,0
43673,27841,0,0,0,134217728,0
43685,27827,0,134217728,0,0,0
43686,27800,0,134217728,0,0,0
43687,27801,0,134217728,0,0,0
43696,27799,0,134217728,0,0,0
43698,27740,3,0,0,0,0
43700,27610,0,0,0,134217728,0
43806,29166,0,0,0,1073741826,0
43815,31018,0,0,0,1,0
43868,28810,0,0,0,134217728,0
43875,29274,0,1073741824,0,0,0
43877,29275,0,1073741824,0,0,0
43932,30238,0,134217728,0,0,0
44005,27553,0,0,0,8192,0
44006,27554,0,0,0,8192,0
44018,27551,0,0,0,8192,0
44020,27556,0,0,0,16384,0
44021,27557,0,0,0,16384,0
44024,28133,0,134217728,0,0,0
49572,339,0,2,0,0,0
49573,1062,0,2,0,0,0
49574,2369,0,335544320,0,0,0
49575,2371,0,335544320,0,0,0
49576,2575,0,2,0,0,0
49577,2576,0,2,0,0,0
49578,3411,0,0,0,131072,0
49579,3564,0,2,0,0,0
49581,5195,0,2,0,0,0
49582,5196,0,2,0,0,0
49583,6542,0,0,0,144,0
49584,7620,0,2,0,0,0
49585,7731,0,2,0,0,0
49586,7732,0,2,0,0,0
49587,9852,0,2,0,0,0
49588,9853,0,2,0,0,0
49589,10248,0,2,0,0,0
49590,12295,0,0,0,131072,0
49591,12328,0,0,0,327680,0
49592,12676,0,0,0,131072,0
49593,12677,0,0,0,131072,0
49594,18248,0,2,0,0,0
49595,18960,0,2,0,1073741824,0
49597,24864,0,0,0,145,0
49598,24925,0,1140883583,0,0,0
49599,24926,0,1409319071,0,0,0
49600,24927,0,1409319071,0,0,0
49715,349794,0,-2147483648,0,0,0
49721,24817,0,0,0,65536,0
49722,25208,0,0,0,196608,0
49723,25210,0,134217728,0,-2147483648,0
49724,25212,0,0,0,327680,0
49725,25213,0,134217728,0,-2147483648,0
49726,25217,0,0,0,134217728,0
49727,25218,0,0,0,134217728,0
49728,25221,0,134217728,0,-2147483648,0
49729,25222,0,134217728,0,-2147483648,0
49730,25233,0,134217728,0,-2147483648,0
49731,25234,0,0,0,327680,0
49732,25235,0,134217728,0,-2147483648,0
49733,25236,0,0,0,327680,0
49735,25264,0,0,0,196608,0
49736,25266,0,0,0,65536,0
49737,25269,0,0,0,131072,0
49738,25272,0,0,0,262144,0
49739,25273,0,0,0,65536,0
49740,25274,0,0,0,65536,0
49741,25275,0,0,0,262144,0
49742,25308,0,134217728,0,-2147483648,0
49743,25312,0,0,0,134217728,0
49744,25329,0,134217728,0,0,0
49745,25331,0,134217728,0,0,0
49746,25363,0,134217728,0,0,0
49747,25364,0,134217728,0,0,0
49748,25367,0,0,0,134217728,0
49749,25368,0,0,0,134217728,0
49750,25372,0,0,0,134217728,0
49751,25375,0,0,0,134217728,0
49752,25379,0,0,0,134217728,0
49753,25380,0,0,0,134217728,0
49754,25384,0,134217728,0,0,0
49755,25387,0,0,0,134217728,0
49756,25389,0,0,0,134217728,0
49757,25392,0,0,0,134217728,0
49758,25429,0,0,0,134217728,0
49759,25431,0,0,0,134217728,0
49760,25433,0,0,0,134217728,0
49761,25435,0,134217728,0,0,0
49762,25437,0,134217728,0,0,0
49763,25441,0,0,0,134217728,0
49764,25446,0,0,0,134217728,0
49766,25461,0,0,0,134217728,0
49767,25467,0,0,0,134217728,0
49768,25470,0,0,0,134217728,0
49769,25477,0,0,0,134217728,0
49770,25531,0,0,0,134217728,0
49771,25596,0,0,0,134217728,0
49772,26839,0,0,0,536870912,0
49773,26884,0,0,0,536870912,0
49774,26888,0,0,0,536870912,0
49775,26978,0,1073741826,0,0,0
49776,26979,0,1073741826,0,0,0
49777,26980,0,1073741824,0,2,0
49778,26981,0,1073741824,0,2,0
49779,26982,0,1073741824,0,2,0
49780,26983,0,1073741824,0,2,0
49781,26984,0,2,0,1073741824,0
49782,26985,0,2,0,1073741824,0
49783,26986,0,2,0,1073741824,0
49784,26987,0,2,0,1073741824,0
49785,26988,0,2,0,1073741824,0
49786,26989,0,2,0,0,0
49787,26990,0,1073741826,0,0,0
49788,26991,0,1073741826,0,0,0
49789,26992,0,2,0,1073741824,0
49790,26993,0,2,0,1073741824,0
49791,26994,0,1073741824,0,0,0
49792,26995,0,2,0,1073741824,0
49793,26996,0,0,0,144,0
49794,26997,0,0,0,144,0
49795,26998,0,0,0,144,0
49796,26999,0,0,0,144,0
49797,27000,0,0,0,1,0
49798,27001,0,0,0,1,0
49799,27002,0,0,0,1,0
49800,27003,0,0,0,1,0
49801,27004,0,0,0,1,0
49802,27005,0,0,0,1,0
49803,27006,0,0,0,1,0
49804,27008,0,0,0,1,0
49805,27009,0,2,0,1073741969,0
49806,27011,0,0,0,145,0
49807,27012,0,2,0,1073741824,0
49808,27013,0,2,0,1073741824,0
49809,27150,1,0,0,0,0
49810,27151,3,0,0,0,0
49811,27152,4,0,0,0,0
49812,27153,5,0,0,0,0
49813,27239,2,0,0,0,0
49814,27240,2,0,0,0,0
49815,27441,0,0,0,536870912,0
49816,27985,0,0,0,134217728,0
49817,28275,0,134217728,0,-2147483648,0
49818,28516,0,0,0,134217728,0
49819,28880,0,134217728,0,-2147483648,0
49820,29170,0,134217728,0,-2147483648,0
49821,29354,0,2,0,0,0
49824,29593,0,0,0,131072,0
49825,29594,0,0,0,131072,0
49826,29595,0,0,0,131072,0
49829,29704,0,0,0,196608,0
49830,29759,0,0,0,262144,0
49831,29760,0,0,0,262144,0
49832,29761,0,0,0,262144,0
49833,29762,0,0,0,262144,0
49834,29763,0,0,0,262144,0
49835,30153,0,0,0,65536,0
49836,30195,0,0,0,65536,0
49837,30197,0,0,0,65536,0
49838,30357,0,0,0,131072,0
49839,30515,2,0,0,0,0
49840,30519,2,0,0,0,0
49841,30604,0,134217728,0,0,0
49842,30980,0,0,0,536870912,0
49843,30986,0,0,0,536870912,0
49845,31206,0,671588450,0,1073741969,0
49846,31606,0,1073742079,0,0,0
49847,31709,0,0,0,1,0
49851,31807,0,0,0,134217728,0
49852,31808,0,0,0,134217728,0
49853,31810,0,0,0,134217728,0
49854,31811,0,0,0,134217728,0
49855,31812,0,0,0,134217728,0
49856,31813,0,0,0,134217728,0
49857,31814,0,0,0,134217728,0
49858,31815,0,0,0,134217728,0
49859,31864,0,0,0,65536,0
49861,32025,0,0,0,134217728,0
49862,32125,0,134217728,0,-2147483648,0
49864,32223,7,0,0,0,0
49865,32359,0,671588450,0,1073741969,0
49866,32375,0,0,0,134217728,0
49867,32379,0,0,0,134217728,0
49868,32504,0,0,0,134217728,0
49869,32546,0,134217728,0,-2147483648,0
49870,32548,0,0,0,134217728,0
49874,32585,0,671588450,0,1073741969,0
49875,32592,0,0,0,134217728,0
49876,32606,0,2,0,0,0
49877,32618,0,1073741824,0,0,0
49879,32717,0,0,0,1073741824,0
49880,32756,0,-805248769,0,0,0
49881,32841,0,134217728,0,0,0
49882,32864,0,0,0,536870912,0
49884,32926,0,0,0,134217728,0
49885,32996,0,0,0,134217728,0
49886,32999,0,0,0,134217728,0
49887,33032,0,671588450,0,1073741969,0
49888,33033,0,671588450,0,1073741969,0
49889,33034,0,671588450,0,1073741969,0
49890,33035,0,671588450,0,1073741969,0
49891,33036,0,671588450,0,1073741969,0
49892,33037,0,671588450,0,1073741969,0
49893,33038,0,671588450,0,1073741969,0
49894,33039,0,671588450,0,1073741969,0
49895,33076,0,134217728,0,-2147483648,0
49896,33095,0,2,0,0,0
49897,33107,0,671588450,0,1073741969,0
49898,33108,0,671588450,0,1073741969,0
49899,33112,0,671588450,0,1073741969,0
49900,33113,0,671588450,0,1073741969,0
49901,33114,0,671588450,0,1073741969,0
49902,33115,0,671588450,0,1073741969,0
49903,33116,0,671588450,0,1073741969,0
49904,33117,0,671588450,0,1073741969,0
49905,33119,0,671588450,0,1073741969,0
49906,33120,0,671588450,0,1073741969,0
49907,33135,0,671588450,0,1073741969,0
49908,33143,0,1073741824,0,0,0
49909,33151,0,1073741824,0,0,0
49910,33176,0,671588450,0,1073741969,0
49911,33177,0,671588450,0,1073741969,0
49912,33178,0,671588450,0,1073741969,0
49913,33179,0,671588450,0,1073741969,0
49914,33180,0,671588450,0,1073741969,0
49915,33181,0,671588450,0,1073741969,0
49916,33183,0,671588450,0,1073741969,0
49917,33184,0,671588450,0,1073741969,0
49918,33185,0,671588450,0,1073741969,0
49919,33187,0,671588450,0,1073741969,0
49920,33188,0,671588450,0,1073741969,0
49921,33246,0,0,0,134217728,0
49922,33247,0,0,0,134217728,0
49927,33325,0,0,0,134217728,0
49928,33327,0,671588450,0,1073741969,0
49929,33357,0,0,0,1,0
49930,33372,0,671588450,0,1073741969,0
49935,33619,0,134217728,0,0,0
49937,33745,0,0,0,144,0
49938,33763,0,1073741824,0,2,0
49939,33778,0,1073741824,0,0,0
49940,33786,0,2,0,0,0
49941,33831,0,2,0,1073741824,0
49942,33859,0,0,0,145,0
49943,33866,0,0,0,145,0
49944,33867,0,0,0,145,0
49945,33868,0,0,0,145,0
49946,33869,0,0,0,145,0
49948,33876,0,0,0,1,0
49949,33878,0,0,0,128,0
49950,33891,4,0,0,0,0
49951,33943,5,1073741826,0,0,0
49952,33982,0,0,0,1,0
49953,33983,0,0,0,1,0
49954,33986,0,0,0,128,0
49955,33987,0,0,0,128,0
49956,34071,0,0,0,1,0
49957,34105,0,0,0,131072,0
49958,34110,0,0,0,134217728,0
49959,34119,0,134217728,0,-2147483648,0
49960,34123,0,0,0,2,0
49961,34176,0,134217728,0,-2147483648,0
49963,34383,0,671588450,0,1073741969,0
49964,34428,0,0,0,327680,0
49965,34433,0,0,0,134217728,0
49966,34617,0,671588450,0,1073741969,0
49968,34630,0,0,0,134217728,0
49970,34861,0,134217728,0,-2147483648,0
49971,34863,0,134217728,0,-2147483648,0
49972,34864,0,134217728,0,-2147483648,0
49973,34865,0,134217728,0,-2147483648,0
49974,34866,0,134217728,0,-2147483648,0
49975,34906,0,1073741824,0,0,0
49976,35126,2,0,0,0,0
49977,35135,0,671588450,0,1073741969,0
49978,35339,0,0,0,134217728,0
49979,35347,0,0,0,145,0
49980,35353,0,0,0,65536,0
49981,35460,0,0,0,134217728,0
49984,35740,0,134217728,0,0,0
49985,35749,0,0,0,134217728,0
49986,35875,0,671588450,0,1073741969,0
49987,35876,0,671588450,0,1073741969,0
49988,36071,0,0,0,145,0
49989,36072,0,671588450,0,1073741969,0
49990,36313,0,0,0,145,0
49991,36314,0,0,0,134217728,0
49992,36386,0,671588450,0,1073741969,0
49993,36423,0,671588450,0,1073741969,0
49994,36424,0,0,0,145,0
49995,36429,0,671588450,0,1073741969,0
49998,36650,0,0,0,1,0
49999,37116,0,0,0,144,0
50000,37117,0,0,0,144,0
50001,37196,0,134217728,0,-2147483648,0
50002,37298,0,0,0,144,0
50003,37299,0,0,0,1,0
50004,37306,0,0,0,144,0
50005,37309,0,0,0,144,0
50006,37310,0,0,0,144,0
50007,37311,0,0,0,1,0
50008,37367,0,0,0,134217728,0
50009,37382,0,134217728,0,-2147483648,0
50010,37501,0,134217728,0,-2147483648,0
50011,37515,0,0,0,134217728,0
50012,37517,0,0,0,134217728,0
50013,37529,0,0,0,134217728,0
50014,37539,0,0,0,134217728,0
50015,37548,0,0,0,131072,0
50016,37875,0,0,0,145,0
50017,37951,0,671588450,0,1073741969,0
50018,38082,0,0,0,134217728,0
50019,38157,0,1073741826,0,0,0
50020,38162,0,2,0,1073741824,0
50021,38185,0,671588450,0,1073741969,0
50022,38324,0,1073741824,0,2,0
50023,38326,0,1073741824,0,0,0
50024,38327,0,1073741824,0,0,0
50025,38333,0,1073741824,0,2,0
50026,38395,0,134217728,0,-2147483648,0
50029,38915,0,0,0,134217728,0
50030,39219,0,0,0,134217728,0
50031,39231,0,0,0,134217728,0
50032,39233,0,1073741826,0,0,0
50033,39234,0,0,0,134217728,0
50034,39236,0,0,0,134217728,0
50035,39374,0,0,0,134217728,0
50036,39377,0,0,0,131072,0
50037,39560,0,0,0,-133701377,0
50038,39623,0,134217728,0,-2147483648,0
50039,39649,0,0,0,134217728,0
50040,39758,0,0,0,-133701377,0
50041,39897,0,0,0,134217728,0
50042,40090,0,0,0,1073741824,0
50043,40120,5,1073741826,0,0,0
50044,40128,0,1073741824,0,2,0
50045,40135,0,0,0,134217728,0
50046,40168,0,671588450,0,1073741969,0
50047,40256,0,671588450,0,1073741969,0
50048,40465,0,0,0,144,0
50049,40471,0,1073741824,0,2,0
50050,40716,0,-805248769,0,0,0
50051,40789,0,0,0,134217728,0
50052,40791,0,0,0,134217728,0
50053,40792,0,0,0,134217728,0
50054,40793,0,0,0,134217728,0
50055,40803,2,0,0,0,0
50056,40954,0,0,0,134217728,0
50057,41100,2,0,0,0,0
50058,41101,1,0,0,0,0
50059,41106,1,0,0,0,0
50060,41159,0,0,0,134217728,0
50061,41233,0,0,0,134217728,0
50062,41402,2,0,0,0,0
50063,41425,0,0,0,1,0
50064,41453,5,0,0,0,0
50065,41625,0,0,0,1,0
50066,41635,0,134217728,0,-2147483648,0
50067,41974,0,671588450,0,1073741969,0
50068,42016,0,335544320,0,0,0
50069,42085,0,671588450,0,1073741969,0
50070,42116,0,671588450,0,1073741969,0
50071,42121,0,671588450,0,1073741969,0
50072,42129,0,0,0,134217728,0
50073,42184,2,0,0,0,0
50074,42385,0,1073742047,0,0,0
50075,43204,0,671588450,0,1073741969,0
50076,43343,5,1073741826,0,0,0
50077,43422,0,1073741824,0,0,0
50078,43454,0,671588450,0,1073741969,0
50079,43821,0,134217728,0,-2147483648,0
50080,43933,0,1073742079,0,0,0
50081,44031,0,0,0,65536,0
50082,44041,0,134217728,0,0,0
50083,44043,0,134217728,0,0,0
50084,44044,0,134217728,0,0,0
50085,44045,0,134217728,0,0,0
50086,44046,0,134217728,0,0,0
50087,44047,0,134217728,0,0,0
50088,44074,0,671588450,0,1073741969,0
50089,44076,0,671588450,0,1073741969,0
50090,44174,0,134217728,0,0,0
50091,44175,0,0,0,134217728,0
50092,44291,0,0,0,134217728,0
50093,44742,0,1409319071,0,0,0
50094,44743,0,1409319071,0,0,0
50095,44758,0,671588450,0,1073741969,0
50096,44887,0,671588450,0,1073741969,0
50097,44888,0,671588450,0,1073741969,0
50098,44889,0,671588450,0,1073741969,0
50099,44890,0,671588450,0,1073741969,0
50100,44891,0,671588450,0,1073741969,0
50101,44892,0,671588450,0,1073741969,0
50102,44893,0,671588450,0,1073741969,0
50103,44894,0,671588450,0,1073741969,0
50104,44895,0,671588450,0,1073741969,0
50105,44896,0,671588450,0,1073741969,0
50106,44897,0,671588450,0,1073741969,0
50107,44898,0,671588450,0,1073741969,0
50108,44899,0,671588450,0,1073741969,0
50109,44900,0,671588450,0,1073741969,0
50110,44901,0,671588450,0,1073741969,0
50111,44902,0,671588450,0,1073741969,0
50112,44903,0,671588450,0,1073741969,0
50113,44904,0,671588450,0,1073741969,0
50114,44905,0,671588450,0,1073741969,0
50115,44906,0,671588450,0,1073741969,0
50116,44907,0,671588450,0,1073741969,0
50117,44908,0,671588450,0,1073741969,0
50118,44909,0,671588450,0,1073741969,0
50119,44910,0,671588450,0,1073741969,0
50120,44911,0,671588450,0,1073741969,0
50121,44912,0,671588450,0,1073741969,0
50122,44913,0,671588450,0,1073741969,0
50123,44914,0,671588450,0,1073741969,0
50124,44915,0,671588450,0,1073741969,0
50125,44916,0,671588450,0,1073741969,0
50126,44917,0,671588450,0,1073741969,0
50127,44949,0,0,0,262144,0
50128,45334,0,0,0,144,0
50129,45468,0,0,0,134217728,0
50130,45783,0,671588450,0,1073741969,0
50131,46053,0,671588450,0,1073741969,0
50132,46192,0,134217728,0,0,0
50133,46193,0,0,0,134217728,0
50134,46337,0,1073741826,0,0,0
50135,47179,0,0,0,1,0
50136,47180,0,0,0,1,0
50137,48403,0,0,0,335544320,0
50138,50247,0,335544320,0,0,0
50139,52970,0,0,0,134217728,0
50168,353184,0,0,0,134217728,0
