ID,Name_lang,SetFlags,RequiredSkill,RequiredSkillRank,ItemID_0,ItemID_1,ItemID_2,ItemID_3,ItemID_4,ItemID_5,ItemID_6,ItemID_7,ItemID_8,ItemID_9,ItemID_10,ItemID_11,ItemID_12,ItemID_13,ItemID_14,ItemID_15,ItemID_16
1,"The Gladiator",0,0,0,11729,11726,11728,11731,11730,0,0,0,0,0,0,0,0,0,0,0,0
41,"Dal'Rend's Arms",0,0,0,12940,12939,0,0,0,0,0,0,0,0,0,0,0,0,0,0,0
65,"Spider's Kiss",0,0,0,13218,13183,0,0,0,0,0,0,0,0,0,0,0,0,0,0,0
81,"The Postmaster",0,0,0,13390,13388,13391,13392,13389,0,0,0,0,0,0,0,0,0,0,0,0
121,"Cadaverous Garb",0,0,0,14637,14636,14640,14638,14641,0,0,0,0,0,0,0,0,0,0,0,0
122,"Necropile Raiment",0,0,0,14631,14629,14632,14633,14626,0,0,0,0,0,0,0,0,0,0,0,0
123,"Bloodmail Regalia",0,0,0,14614,14616,14615,14611,14612,0,0,0,0,0,0,0,0,0,0,0,0
124,"Deathbone Guardian",0,0,0,14624,14622,14620,14623,14621,0,0,0,0,0,0,0,0,0,0,0,0
141,"Volcanic Armor",0,0,0,15053,15054,15055,0,0,0,0,0,0,0,0,0,0,0,0,0,0
142,"Stormshroud Armor",0,0,0,15056,15057,15058,21278,0,0,0,0,0,0,0,0,0,0,0,0,0
143,"Devilsaur Armor",0,0,0,15062,15063,0,0,0,0,0,0,0,0,0,0,0,0,0,0,0
144,"Ironfeather Armor",0,0,0,15066,15067,0,0,0,0,0,0,0,0,0,0,0,0,0,0,0
161,"Defias Leather",0,0,0,10399,10403,10402,10401,10400,0,0,0,0,0,0,0,0,0,0,0,0
162,"Embrace of the Viper",0,0,0,10412,10411,10413,10410,6473,0,0,0,0,0,0,0,0,0,0,0,0
163,"Chain of the Scarlet Crusade",0,0,0,10329,10332,10328,10331,10330,10333,0,0,0,0,0,0,0,0,0,0,0
181,"Magister's Regalia",0,0,0,16685,16683,16686,16684,16687,16689,16688,16682,0,0,0,0,0,0,0,0,0
182,"Vestments of the Devout",0,0,0,16696,16691,16697,16693,16692,16695,16694,16690,0,0,0,0,0,0,0,0,0
183,"Dreadmist Raiment",0,0,0,16702,16703,16699,16701,16700,16704,16698,16705,0,0,0,0,0,0,0,0,0
184,"Shadowcraft Armor",0,0,0,16713,16711,16710,16721,16708,16709,16712,16707,0,0,0,0,0,0,0,0,0
185,"Wildheart Raiment",0,0,0,16716,16715,16714,16720,16706,16718,16719,16717,0,0,0,0,0,0,0,0,0
186,"Beaststalker Armor",0,0,0,16680,16675,16681,16677,16674,16678,16679,16676,0,0,0,0,0,0,0,0,0
187,"The Elements",0,0,0,16673,16670,16671,16667,16672,16668,16669,16666,0,0,0,0,0,0,0,0,0
188,"Lightforge Armor",0,0,0,16723,16725,16722,16726,16724,16728,16729,16727,0,0,0,0,0,0,0,0,0
189,"Battlegear of Valor",0,0,0,16736,16734,16735,16730,16737,16731,16732,16733,0,0,0,0,0,0,0,0,0
201,"Arcanist Regalia",0,0,0,16802,16799,16795,16800,16801,16796,16797,16798,0,0,0,0,0,0,0,0,0
202,"Vestments of Prophecy",0,0,0,16811,16813,16817,16812,16814,16816,16815,16819,0,0,0,0,0,0,0,0,0
203,"Felheart Raiment",0,0,0,16806,16804,16805,16810,16809,16807,16808,16803,0,0,0,0,0,0,0,0,0
204,"Nightslayer Armor",0,0,0,16827,16824,16825,16820,16821,16826,16822,16823,0,0,0,0,0,0,0,0,0
205,"Cenarion Raiment",0,0,0,16828,16829,16830,16833,16831,16834,16835,16836,0,0,0,0,0,0,0,0,0
206,"Giantstalker Armor",0,0,0,16851,16849,16850,16845,16848,16852,16846,16847,0,0,0,0,0,0,0,0,0
207,"The Earthfury",0,0,0,16838,16837,16840,16841,16844,16839,16842,16843,0,0,0,0,0,0,0,0,0
208,"Lawbringer Armor",0,0,0,16858,16859,16857,16853,16860,16854,16855,16856,0,0,0,0,0,0,0,0,0
209,"Battlegear of Might",0,0,0,16864,16861,16865,16863,16866,16867,16868,16862,0,0,0,0,0,0,0,0,0
210,"Netherwind Regalia",0,0,0,16818,16918,16912,16914,16917,16913,16915,16916,0,0,0,0,0,0,0,0,0
211,"Vestments of Transcendence",0,0,0,16925,16926,16919,16921,16920,16922,16924,16923,0,0,0,0,0,0,0,0,0
212,"Nemesis Raiment",0,0,0,16933,16927,16934,16928,16930,16931,16929,16932,0,0,0,0,0,0,0,0,0
213,"Bloodfang Armor",0,0,0,16910,16906,16911,16905,16907,16908,16909,16832,0,0,0,0,0,0,0,0,0
214,"Stormrage Raiment",0,0,0,16903,16898,16904,16897,16900,16899,16901,16902,0,0,0,0,0,0,0,0,0
215,"Dragonstalker Armor",0,0,0,16936,16935,16942,16940,16941,16939,16938,16937,0,0,0,0,0,0,0,0,0
216,"The Ten Storms",0,0,0,16944,16943,16950,16945,16948,16949,16947,16946,0,0,0,0,0,0,0,0,0
217,"Judgement Armor",0,0,0,16952,16951,16958,16955,16956,16954,16957,16953,0,0,0,0,0,0,0,0,0
218,"Battlegear of Wrath",0,0,0,16959,16966,16964,16963,16962,16961,16965,16960,0,0,0,0,0,0,0,0,0
221,"Garb of Thero-shan",0,0,0,7950,7948,7952,7951,7953,7949,0,0,0,0,0,0,0,0,0,0,0
241,"Shard of the Gods",0,0,0,17082,17064,0,0,0,0,0,0,0,0,0,0,0,0,0,0,0
261,"Spirit of Eskhandar",0,0,0,18203,18202,18204,18205,0,0,0,0,0,0,0,0,0,0,0,0,0
281,"Champion's Battlegear",0,0,0,16509,16510,16513,16515,16514,16516,0,0,0,0,0,0,0,0,0,0,0
282,"Lieutenant Commander's Battlegear",0,0,0,16405,16406,16430,16431,16429,16432,0,0,0,0,0,0,0,0,0,0,0
301,"Champion's Earthshaker",0,0,0,16519,16518,16522,16523,16521,16524,0,0,0,0,0,0,0,0,0,0,0
321,"Imperial Plate",0,0,0,12424,12426,12425,12422,12427,12429,12428,0,0,0,0,0,0,0,0,0,0
341,"Champion's Regalia",0,0,0,16485,16487,16491,16490,16489,16492,0,0,0,0,0,0,0,0,0,0,0
342,"Champion's Raiment",0,0,0,17616,17617,17612,17611,17613,17610,0,0,0,0,0,0,0,0,0,0,0
343,"Lieutenant Commander's Regalia",0,0,0,16369,16391,16413,16414,16416,16415,0,0,0,0,0,0,0,0,0,0,0
344,"Lieutenant Commander's Raiment",0,0,0,17594,17596,17600,17599,17598,17601,0,0,0,0,0,0,0,0,0,0,0
345,"Champion's Threads",0,0,0,17576,17577,17572,17571,17570,17573,0,0,0,0,0,0,0,0,0,0,0
346,"Lieutenant Commander's Threads",0,0,0,17562,17564,17568,17567,17569,17566,0,0,0,0,0,0,0,0,0,0,0
347,"Champion's Vestments",0,0,0,16498,16499,16505,16508,16506,16507,0,0,0,0,0,0,0,0,0,0,0
348,"Lieutenant Commander's Vestments",0,0,0,16392,16396,16417,16419,16420,16418,0,0,0,0,0,0,0,0,0,0,0
361,"Champion's Pursuit",0,0,0,16531,16530,16525,16527,16526,16528,0,0,0,0,0,0,0,0,0,0,0
362,"Lieutenant Commander's Pursuit",0,0,0,16425,16426,16401,16403,16428,16427,0,0,0,0,0,0,0,0,0,0,0
381,"Lieutenant Commander's Sanctuary",0,0,0,16423,16424,16422,16421,16393,16397,0,0,0,0,0,0,0,0,0,0,0
382,"Champion's Sanctuary",0,0,0,16494,16496,16504,16502,16503,16501,0,0,0,0,0,0,0,0,0,0,0
383,"Warlord's Battlegear",0,0,0,16541,16542,16544,16545,16548,16543,0,0,0,0,0,0,0,0,0,0,0
384,"Field Marshal's Battlegear",0,0,0,16477,16478,16480,16483,16484,16479,0,0,0,0,0,0,0,0,0,0,0
386,"Warlord's Earthshaker",0,0,0,16577,16578,16580,16573,16574,16579,0,0,0,0,0,0,0,0,0,0,0
387,"Warlord's Regalia",0,0,0,16536,16533,16535,16539,16540,16534,0,0,0,0,0,0,0,0,0,0,0
388,"Field Marshal's Regalia",0,0,0,16441,16444,16443,16437,16440,16442,0,0,0,0,0,0,0,0,0,0,0
389,"Field Marshal's Raiment",0,0,0,17604,17603,17605,17608,17607,17602,0,0,0,0,0,0,0,0,0,0,0
390,"Warlord's Raiment",0,0,0,17623,17625,17622,17624,17618,17620,0,0,0,0,0,0,0,0,0,0,0
391,"Warlord's Threads",0,0,0,17586,17588,17593,17591,17590,17592,0,0,0,0,0,0,0,0,0,0,0
392,"Field Marshal's Threads",0,0,0,17581,17580,17583,17584,17579,17578,0,0,0,0,0,0,0,0,0,0,0
393,"Warlord's Vestments",0,0,0,16563,16561,16562,16564,16560,16558,0,0,0,0,0,0,0,0,0,0,0
394,"Field Marshal's Vestments",0,0,0,16453,16457,16455,16446,16454,16456,0,0,0,0,0,0,0,0,0,0,0
395,"Field Marshal's Pursuit",0,0,0,16466,16465,16468,16462,16463,16467,0,0,0,0,0,0,0,0,0,0,0
396,"Warlord's Pursuit",0,0,0,16569,16571,16567,16565,16566,16568,0,0,0,0,0,0,0,0,0,0,0
397,"Field Marshal's Sanctuary",0,0,0,16452,16451,16449,16459,16448,16450,0,0,0,0,0,0,0,0,0,0,0
398,"Warlord's Sanctuary",0,0,0,16554,16555,16552,16551,16549,16550,0,0,0,0,0,0,0,0,0,0,0
401,"Lieutenant Commander's Aegis",0,0,0,16410,16409,16433,16435,16434,16436,0,0,0,0,0,0,0,0,0,0,0
402,"Field Marshal's Aegis",0,0,0,16473,16474,16476,16472,16471,16475,0,0,0,0,0,0,0,0,0,0,0
421,"Bloodvine Garb",0,197,300,19682,19683,19684,0,0,0,0,0,0,0,0,0,0,0,0,0,0
441,"Primal Batskin",0,165,300,19685,19687,19686,0,0,0,0,0,0,0,0,0,0,0,0,0,0
442,"Blood Tiger Harness",0,165,300,19688,19689,0,0,0,0,0,0,0,0,0,0,0,0,0,0,0
443,"Bloodsoul Embrace",0,0,0,19690,19691,19692,0,0,0,0,0,0,0,0,0,0,0,0,0,0
444,"The Darksoul",0,164,300,19693,19694,19695,0,0,0,0,0,0,0,0,0,0,0,0,0,0
461,"The Twin Blades of Hakkari",0,0,0,19865,19866,0,0,0,0,0,0,0,0,0,0,0,0,0,0,0
462,"Zanzil's Concentration",0,0,0,19905,19893,0,0,0,0,0,0,0,0,0,0,0,0,0,0,0
463,"Primal Blessing",0,0,0,19896,19910,0,0,0,0,0,0,0,0,0,0,0,0,0,0,0
464,"Overlord's Resolution",0,0,0,19873,19912,0,0,0,0,0,0,0,0,0,0,0,0,0,0,0
465,"Prayer of the Primal",0,0,0,19863,19920,0,0,0,0,0,0,0,0,0,0,0,0,0,0,0
466,"Major Mojo Infusion",0,0,0,19898,19925,0,0,0,0,0,0,0,0,0,0,0,0,0,0,0
467,"The Highlander's Resolution",0,0,0,20041,20048,20057,0,0,0,0,0,0,0,0,0,0,0,0,0,0
468,"The Highlander's Resolve",0,0,0,20042,20049,20058,0,0,0,0,0,0,0,0,0,0,0,0,0,0
469,"The Highlander's Determination",0,0,0,20043,20050,20055,0,0,0,0,0,0,0,0,0,0,0,0,0,0
470,"The Highlander's Fortitude",0,0,0,20044,20051,20056,0,0,0,0,0,0,0,0,0,0,0,0,0,0
471,"The Highlander's Purpose",0,0,0,20052,20045,20059,0,0,0,0,0,0,0,0,0,0,0,0,0,0
472,"The Highlander's Will",0,0,0,20053,20046,20060,0,0,0,0,0,0,0,0,0,0,0,0,0,0
473,"The Highlander's Intent",0,0,0,20054,20047,20061,0,0,0,0,0,0,0,0,0,0,0,0,0,0
474,"Vindicator's Battlegear",0,0,0,19951,19577,19824,19823,19822,0,0,0,0,0,0,0,0,0,0,0,0
475,"Freethinker's Armor",0,0,0,19952,19588,19827,19826,19825,0,0,0,0,0,0,0,0,0,0,0,0
476,"Augur's Regalia",0,0,0,19609,19956,19830,19829,19828,0,0,0,0,0,0,0,0,0,0,0,0
477,"Predator's Armor",0,0,0,19621,19953,19833,19832,19831,0,0,0,0,0,0,0,0,0,0,0,0
478,"Madcap's Outfit",0,0,0,19617,19954,19836,19835,19834,0,0,0,0,0,0,0,0,0,0,0,0
479,"Haruspex's Garb",0,0,0,19613,19955,19840,19839,19838,0,0,0,0,0,0,0,0,0,0,0,0
480,"Confessor's Raiment",0,0,0,19594,19958,19843,19842,19841,0,0,0,0,0,0,0,0,0,0,0,0
481,"Demoniac's Threads",0,0,0,19605,19957,19848,19849,20033,0,0,0,0,0,0,0,0,0,0,0,0
482,"Illusionist's Attire",0,0,0,19601,19959,19846,19845,20034,0,0,0,0,0,0,0,0,0,0,0,0
483,"The Defiler's Determination",0,0,0,20158,20154,20150,0,0,0,0,0,0,0,0,0,0,0,0,0,0
484,"The Defiler's Fortitude",0,0,0,20195,20199,20203,0,0,0,0,0,0,0,0,0,0,0,0,0,0
485,"The Defiler's Intent",0,0,0,20176,20159,20163,0,0,0,0,0,0,0,0,0,0,0,0,0,0
486,"The Defiler's Purpose",0,0,0,20186,20190,20194,0,0,0,0,0,0,0,0,0,0,0,0,0,0
487,"The Defiler's Resolution",0,0,0,20204,20208,20212,0,0,0,0,0,0,0,0,0,0,0,0,0,0
488,"The Defiler's Will",0,0,0,20167,20171,20175,0,0,0,0,0,0,0,0,0,0,0,0,0,0
489,"Black Dragon Mail",0,0,0,16984,15050,15052,15051,0,0,0,0,0,0,0,0,0,0,0,0,0
490,"Green Dragon Mail",0,0,0,15045,15046,20296,0,0,0,0,0,0,0,0,0,0,0,0,0,0
491,"Blue Dragon Mail",0,0,0,15048,20295,15049,0,0,0,0,0,0,0,0,0,0,0,0,0,0
492,"Twilight Trappings",0,0,0,20406,20408,20407,0,0,0,0,0,0,0,0,0,0,0,0,0,0
493,"Genesis Raiment",0,0,0,21355,21353,21354,21356,21357,0,0,0,0,0,0,0,0,0,0,0,0
494,"Symbols of Unending Life",0,0,0,21408,21409,21407,0,0,0,0,0,0,0,0,0,0,0,0,0,0
495,"Battlegear of Unyielding Strength",0,0,0,21394,21392,21393,0,0,0,0,0,0,0,0,0,0,0,0,0,0
496,"Conqueror's Battlegear",0,0,0,21331,21329,21333,21332,0,21330,0,0,0,0,0,0,0,0,0,0,0
497,"Deathdealer's Embrace",0,0,0,0,21359,21360,21361,21362,21364,0,0,0,0,0,0,0,0,0,0,0
498,"Emblems of Veiled Shadows",0,0,0,21405,21406,21404,0,0,0,0,0,0,0,0,0,0,0,0,0,0
499,"Doomcaller's Attire",0,0,0,21337,21338,21335,21334,21336,0,0,0,0,0,0,0,0,0,0,0,0
500,"Implements of Unspoken Names",0,0,0,21416,21417,21418,0,0,0,0,0,0,0,0,0,0,0,0,0,0
501,"Stormcaller's Garb",0,0,0,21372,21373,21374,21375,21376,0,0,0,0,0,0,0,0,0,0,0,0
502,"Gift of the Gathering Storm",0,0,0,21400,21398,21399,0,0,0,0,0,0,0,0,0,0,0,0,0,0
503,"Enigma Vestments",0,0,0,21344,21347,21346,21343,21345,0,0,0,0,0,0,0,0,0,0,0,0
504,"Trappings of Vaulted Secrets",0,0,0,21414,21413,21415,0,0,0,0,0,0,0,0,0,0,0,0,0,0
505,"Avenger's Battlegear",0,0,0,21389,21387,21388,21390,21391,0,0,0,0,0,0,0,0,0,0,0,0
506,"Battlegear of Eternal Justice",0,0,0,21397,21395,21396,0,0,0,0,0,0,0,0,0,0,0,0,0,0
507,"Garments of the Oracle",0,0,0,21349,21350,21348,21352,21351,0,0,0,0,0,0,0,0,0,0,0,0
508,"Finery of Infinite Wisdom",0,0,0,21410,21411,21412,0,0,0,0,0,0,0,0,0,0,0,0,0,0
509,"Striker's Garb",0,0,0,21366,21365,21370,21368,21367,0,0,0,0,0,0,0,0,0,0,0,0
510,"Trappings of the Unseen Path",0,0,0,21403,21401,21402,0,0,0,0,0,0,0,0,0,0,0,0,0,0
511,"Battlegear of Heroism",0,0,0,21994,21995,21996,21997,21998,21999,22000,22001,0,0,0,0,0,0,0,0,0
512,"Darkmantle Armor",0,0,0,22002,22003,22004,22005,22006,22007,22008,22009,0,0,0,0,0,0,0,0,0
513,"Feralheart Raiment",0,0,0,22106,22107,22108,22109,22110,22111,22112,22113,0,0,0,0,0,0,0,0,0
514,"Vestments of the Virtuous",0,0,0,22078,22079,22080,22081,22082,22083,22084,22085,0,0,0,0,0,0,0,0,0
515,"Beastmaster Armor",0,0,0,22010,22011,22061,22013,22015,22016,22017,22060,0,0,0,0,0,0,0,0,0
516,"Soulforge Armor",0,0,0,22086,22087,22088,22089,22090,22091,22092,22093,0,0,0,0,0,0,0,0,0
517,"Sorcerer's Regalia",0,0,0,22062,22063,22064,22065,22066,22067,22068,22069,0,0,0,0,0,0,0,0,0
518,"Deathmist Raiment",0,0,0,22070,22071,22072,22073,22074,22075,22076,22077,0,0,0,0,0,0,0,0,0
519,"The Five Thunders",0,0,0,22095,22096,22097,22098,22099,22100,22101,22102,0,0,0,0,0,0,0,0,0
520,"Ironweave Battlesuit",0,0,0,22306,22311,22313,22302,22304,22305,22303,22301,0,0,0,0,0,0,0,0,0
521,"Dreamwalker Raiment",0,0,0,22492,22494,22493,22490,22489,22491,22488,22495,23064,0,0,0,0,0,0,0,0
522,"Champion's Guard",0,0,0,22864,22856,22879,22880,23257,23258,0,0,0,0,0,0,0,0,0,0,0
523,"Dreadnaught's Battlegear",0,0,0,22423,22416,22421,22422,22418,22417,22419,22420,0,23059,0,0,0,0,0,0,0
524,"Bonescythe Armor",0,0,0,22483,22476,22481,22478,22477,22479,22480,22482,23060,0,0,0,0,0,0,0,0
525,"Vestments of Faith",0,0,0,22518,22519,22514,22517,22513,22512,22516,22515,23061,0,0,0,0,0,0,0,0
526,"Frostfire Regalia",0,0,0,22502,22503,22498,22501,22497,22496,22500,22499,23062,0,0,0,0,0,0,0,0
527,"The Earthshatterer",0,0,0,22468,22470,22469,22466,22465,22467,22464,22471,23065,0,0,0,0,0,0,0,0
528,"Redemption Armor",0,0,0,22430,22431,22426,22428,22427,22429,22425,22424,23066,0,0,0,0,0,0,0,0
529,"Plagueheart Raiment",0,0,0,22510,22511,22506,22509,22505,22504,22508,22507,23063,0,0,0,0,0,0,0,0
530,"Cryptstalker Armor",0,0,0,22440,22442,22441,22438,22437,22439,22436,22443,23067,0,0,0,0,0,0,0,0
533,"Battlegear of Undead Slaying",0,0,0,23090,23087,23078,0,0,0,0,0,0,0,0,0,0,0,0,0,0
534,"Undead Slayer's Armor",0,0,0,23081,23089,23093,0,0,0,0,0,0,0,0,0,0,0,0,0,0
535,"Garb of the Undead Slayer",0,0,0,23088,23082,23092,0,0,0,0,0,0,0,0,0,0,0,0,0,0
536,"Regalia of Undead Cleansing",0,0,0,23091,23084,23085,0,0,0,0,0,0,0,0,0,0,0,0,0,0
537,"Champion's Battlearmor",0,0,0,22868,22858,22872,22873,23244,23243,0,0,0,0,0,0,0,0,0,0,0
538,"Champion's Stormcaller",0,0,0,22857,22867,22876,22887,23259,23260,0,0,0,0,0,0,0,0,0,0,0
539,"Champion's Refuge",0,0,0,22863,22852,22877,22878,23253,23254,0,0,0,0,0,0,0,0,0,0,0
540,"Champion's Investiture",0,0,0,22869,22859,22882,22885,23261,23262,0,0,0,0,0,0,0,0,0,0,0
541,"Champion's Dreadgear",0,0,0,22865,22855,23255,23256,22881,22884,0,0,0,0,0,0,0,0,0,0,0
542,"Champion's Arcanum",0,0,0,22870,22860,23263,23264,22883,22886,0,0,0,0,0,0,0,0,0,0,0
543,"Champion's Pursuance",0,0,0,22843,22862,23251,23252,22874,22875,0,0,0,0,0,0,0,0,0,0,0
544,"Lieutenant Commander's Redoubt",0,0,0,23272,23273,23274,23275,23276,23277,0,0,0,0,0,0,0,0,0,0,0
545,"Lieutenant Commander's Battlearmor",0,0,0,23300,23301,23286,23287,23314,23315,0,0,0,0,0,0,0,0,0,0,0
546,"Lieutenant Commander's Arcanum",0,0,0,23304,23305,23290,23291,23318,23319,0,0,0,0,0,0,0,0,0,0,0
547,"Lieutenant Commander's Dreadgear",0,0,0,23296,23297,23282,23283,23310,23311,0,0,0,0,0,0,0,0,0,0,0
548,"Lieutenant Commander's Guard",0,0,0,23298,23299,23284,23285,23312,23313,0,0,0,0,0,0,0,0,0,0,0
549,"Lieutenant Commander's Investiture",0,0,0,23302,23303,23288,23289,23316,23317,0,0,0,0,0,0,0,0,0,0,0
550,"Lieutenant Commander's Pursuance",0,0,0,23292,23293,23278,23279,23306,23307,0,0,0,0,0,0,0,0,0,0,0
551,"Lieutenant Commander's Refuge",0,0,0,23294,23295,23280,23281,23308,23309,0,0,0,0,0,0,0,0,0,0,0
552,"Wrath of Spellfire",0,0,0,21848,21847,21846,0,0,0,0,0,0,0,0,0,0,0,0,0,0
553,"Shadow's Embrace",0,0,0,21871,21869,21870,0,0,0,0,0,0,0,0,0,0,0,0,0,0
554,"Primal Mooncloth",0,0,0,21875,21874,21873,0,0,0,0,0,0,0,0,0,0,0,0,0,0
555,"Netherweave Vestments",0,0,0,21855,21854,21852,21851,21849,21853,21850,0,0,0,0,0,0,0,0,0,0
556,"Imbued Netherweave",0,0,0,21862,21861,21859,21860,0,0,0,0,0,0,0,0,0,0,0,0,0
557,"Soulcloth Embrace",0,0,0,21865,21864,21863,0,0,0,0,0,0,0,0,0,0,0,0,0,0
558,"Arcanoweave Vestments",0,0,0,21868,21866,21867,0,0,0,0,0,0,0,0,0,0,0,0,0,0
559,"Spellstrike Infusion",0,197,350,24266,24262,0,0,0,0,0,0,0,0,0,0,0,0,0,0,0
560,"Fel Iron Plate",0,0,0,23489,23488,23487,23482,23484,0,0,0,0,0,0,0,0,0,0,0,0
561,"Fel Iron Chain",0,0,0,23490,23491,23493,23494,0,0,0,0,0,0,0,0,0,0,0,0,0
562,"Adamantite Battlegear",0,0,0,23507,23508,23506,0,0,0,0,0,0,0,0,0,0,0,0,0,0
563,"Enchanted Adamantite Armor",0,0,0,23509,23512,23511,23510,0,0,0,0,0,0,0,0,0,0,0,0,0
564,"Flame Guard",0,0,0,23513,23516,23514,23515,0,0,0,0,0,0,0,0,0,0,0,0,0
565,"Khorium Ward",0,164,350,23523,23525,23524,0,0,0,0,0,0,0,0,0,0,0,0,0,0
566,"Burning Rage",0,164,350,23522,23521,23520,33173,0,0,0,0,0,0,0,0,0,0,0,0,0
567,"Gladiator's Battlegear",0,0,0,24544,24549,24545,24547,24546,0,0,0,0,0,0,0,0,0,0,0,0
568,"Gladiator's Dreadgear",0,0,0,24556,24553,24555,24554,24552,0,0,0,0,0,0,0,0,0,0,0,0
569,"Faith in Felsteel",0,164,350,23519,23518,23517,0,0,0,0,0,0,0,0,0,0,0,0,0,0
570,"The Unyielding",0,0,0,24255,24249,0,0,0,0,0,0,0,0,0,0,0,0,0,0,0
571,"Whitemend Wisdom",0,197,350,24264,24261,0,0,0,0,0,0,0,0,0,0,0,0,0,0,0
572,"Battlecast Garb",0,197,375,24267,24263,0,0,0,0,0,0,0,0,0,0,0,0,0,0,0
573,"Fel Skin",0,165,350,25685,25686,25687,0,0,0,0,0,0,0,0,0,0,0,0,0,0
574,"Strength of the Clefthoof",0,165,350,25691,25690,25689,0,0,0,0,0,0,0,0,0,0,0,0,0,0
575,"Felstalker Armor",0,165,350,25695,25697,25696,0,0,0,0,0,0,0,0,0,0,0,0,0,0
576,"Fury of the Nether",0,165,350,25694,25693,25692,0,0,0,0,0,0,0,0,0,0,0,0,0,0
577,"Gladiator's Vestments",0,0,0,25834,25833,25830,25832,25831,0,0,0,0,0,0,0,0,0,0,0,0
578,"Gladiator's Earthshaker",0,0,0,25997,26000,25998,26001,25999,0,0,0,0,0,0,0,0,0,0,0,0
579,"Gladiator's Regalia",0,0,0,25854,25855,25857,25856,25858,0,0,0,0,0,0,0,0,0,0,0,0
580,"Gladiator's Thunderfist",0,0,0,27469,27470,27471,27472,27473,0,0,0,0,0,0,0,0,0,0,0,0
581,"Gladiator's Raiment",0,0,0,27707,27708,27709,27710,27711,0,0,0,0,0,0,0,0,0,0,0,0
582,"Gladiator's Aegis",0,0,0,27702,27703,27704,27705,27706,0,0,0,0,0,0,0,0,0,0,0,0
583,"Gladiator's Vindication",0,0,0,27879,27880,27881,27882,27883,0,0,0,0,0,0,0,0,0,0,0,0
584,"Gladiator's Sanctuary",0,0,0,28126,28127,28128,28129,28130,0,0,0,0,0,0,0,0,0,0,0,0
585,"Gladiator's Wildhide",0,0,0,28136,28137,28138,28139,28140,0,0,0,0,0,0,0,0,0,0,0,0
586,"Gladiator's Pursuit",0,0,0,28334,28335,28331,28332,28333,0,0,0,0,0,0,0,0,0,0,0,0
587,"High Warlord's Aegis",0,0,0,0,0,0,0,0,0,0,0,0,0,0,0,0,0,0,0,0
588,"High Warlord's Battlegear",0,0,0,0,0,0,0,0,0,0,0,0,0,0,0,0,0,0,0,0
589,"Grand Marshal's Aegis",0,0,0,0,0,0,0,0,0,0,0,0,0,0,0,0,0,0,0,0
590,"Grand Marshal's Battlegear",0,0,0,0,0,0,0,0,0,0,0,0,0,0,0,0,0,0,0,0
591,"Grand Marshal's Dreadgear",0,0,0,0,0,0,0,0,0,0,0,0,0,0,0,0,0,0,0,0
592,"High Warlord's Dreadgear",0,0,0,0,0,0,0,0,0,0,0,0,0,0,0,0,0,0,0,0
593,"Grand Marshal's Earthshaker",0,0,0,0,0,0,0,0,0,0,0,0,0,0,0,0,0,0,0,0
594,"High Warlord's Earthshaker",0,0,0,0,0,0,0,0,0,0,0,0,0,0,0,0,0,0,0,0
595,"Grand Marshal's Pursuit",0,0,0,0,0,0,0,0,0,0,0,0,0,0,0,0,0,0,0,0
596,"High Warlord's Pursuit",0,0,0,0,0,0,0,0,0,0,0,0,0,0,0,0,0,0,0,0
597,"Grand Marshal's Raiment",0,0,0,0,0,0,0,0,0,0,0,0,0,0,0,0,0,0,0,0
598,"High Warlord's Raiment",0,0,0,0,0,0,0,0,0,0,0,0,0,0,0,0,0,0,0,0
599,"Grand Marshal's Regalia",0,0,0,0,0,0,0,0,0,0,0,0,0,0,0,0,0,0,0,0
600,"High Warlord's Regalia",0,0,0,0,0,0,0,0,0,0,0,0,0,0,0,0,0,0,0,0
601,"Grand Marshal's Sanctuary",0,0,0,0,0,0,0,0,0,0,0,0,0,0,0,0,0,0,0,0
602,"High Warlord's Sanctuary",0,0,0,0,0,0,0,0,0,0,0,0,0,0,0,0,0,0,0,0
603,"Grand Marshal's Thunderfist",0,0,0,0,0,0,0,0,0,0,0,0,0,0,0,0,0,0,0,0
604,"High Warlord's Thunderfist",0,0,0,0,0,0,0,0,0,0,0,0,0,0,0,0,0,0,0,0
605,"Grand Marshal's Vestments",0,0,0,0,0,0,0,0,0,0,0,0,0,0,0,0,0,0,0,0
606,"High Warlord's Vestments",0,0,0,0,0,0,0,0,0,0,0,0,0,0,0,0,0,0,0,0
607,"Grand Marshal's Vindication",0,0,0,0,0,0,0,0,0,0,0,0,0,0,0,0,0,0,0,0
608,"High Warlord's Vindication",0,0,0,0,0,0,0,0,0,0,0,0,0,0,0,0,0,0,0,0
609,"Grand Marshal's Wildhide",0,0,0,0,0,0,0,0,0,0,0,0,0,0,0,0,0,0,0,0
610,"High Warlord's Wildhide",0,0,0,0,0,0,0,0,0,0,0,0,0,0,0,0,0,0,0,0
611,"Felscale Armor",0,0,0,25657,25656,25655,25654,0,0,0,0,0,0,0,0,0,0,0,0,0
612,"Scaled Draenic Armor",0,0,0,25661,25659,25662,25660,0,0,0,0,0,0,0,0,0,0,0,0,0
613,"Thick Draenic Armor",0,0,0,25668,25669,25670,25671,0,0,0,0,0,0,0,0,0,0,0,0,0
614,"Wild Draenish Armor",0,0,0,25673,25674,25675,25676,0,0,0,0,0,0,0,0,0,0,0,0,0
615,"Gladiator's Felshroud",0,0,0,30186,30187,30188,30200,30201,0,0,0,0,0,0,0,0,0,0,0,0
616,"Netherscale Armor",0,0,0,29516,29517,29515,0,0,0,0,0,0,0,0,0,0,0,0,0,0
617,"Netherstrike Armor",0,0,0,29521,29520,29519,0,0,0,0,0,0,0,0,0,0,0,0,0,0
618,"Windhawk Armor",0,0,0,29523,29524,29522,0,0,0,0,0,0,0,0,0,0,0,0,0,0
619,"Primal Intent",0,0,0,29527,29526,29525,0,0,0,0,0,0,0,0,0,0,0,0,0,0
620,"Assassination Armor",0,0,0,27509,28414,27908,27776,28204,0,0,0,0,0,0,0,0,0,0,0,0
621,Netherblade,0,0,0,29046,29045,29044,29048,29047,0,0,0,0,0,0,0,0,0,0,0,0
622,Deathmantle,0,0,0,30144,30145,30146,30148,30149,0,0,0,0,0,0,0,0,0,0,0,0
623,"Righteous Armor",0,0,0,28203,27535,28285,27839,27739,0,0,0,0,0,0,0,0,0,0,0,0
624,"Justicar Raiment",0,0,0,29062,29061,29065,29063,29064,0,0,0,0,0,0,0,0,0,0,0,0
625,"Justicar Armor",0,0,0,29066,29068,29067,29069,29070,0,0,0,0,0,0,0,0,0,0,0,0
626,"Justicar Battlegear",0,0,0,29071,29073,29072,29074,29075,0,0,0,0,0,0,0,0,0,0,0,0
627,"Crystalforge Raiment",0,0,0,30134,30135,30136,30137,30138,0,0,0,0,0,0,0,0,0,0,0,0
628,"Crystalforge Armor",0,0,0,30123,30125,30124,30126,30127,0,0,0,0,0,0,0,0,0,0,0,0
629,"Crystalforge Battlegear",0,0,0,30129,30130,30132,30133,30131,0,0,0,0,0,0,0,0,0,0,0,0
630,"Tidefury Raiment",0,0,0,28231,27510,28349,27909,27802,0,0,0,0,0,0,0,0,0,0,0,0
631,"Cyclone Raiment",0,0,0,29032,29029,29028,29030,29031,0,0,0,0,0,0,0,0,0,0,0,0
632,"Cyclone Regalia",0,0,0,29033,29035,29034,29036,29037,0,0,0,0,0,0,0,0,0,0,0,0
633,"Cyclone Harness",0,0,0,29038,29039,29040,29043,29042,0,0,0,0,0,0,0,0,0,0,0,0
634,"Cataclysm Raiment",0,0,0,30164,30165,30166,30167,30168,0,0,0,0,0,0,0,0,0,0,0,0
635,"Cataclysm Regalia",0,0,0,30169,30170,30171,30172,30173,0,0,0,0,0,0,0,0,0,0,0,0
636,"Cataclysm Harness",0,0,0,30185,30189,30190,30192,30194,0,0,0,0,0,0,0,0,0,0,0,0
637,"Moonglade Raiment",0,0,0,28348,27468,27873,28202,27737,0,0,0,0,0,0,0,0,0,0,0,0
638,"Malorne Raiment",0,0,0,29087,29086,29090,29088,29089,0,0,0,0,0,0,0,0,0,0,0,0
639,"Malorne Regalia",0,0,0,29093,29094,29091,29092,29095,0,0,0,0,0,0,0,0,0,0,0,0
640,"Malorne Harness",0,0,0,29096,29097,29099,29100,29098,0,0,0,0,0,0,0,0,0,0,0,0
641,"Nordrassil Harness",0,0,0,30222,30223,30228,30229,30230,0,0,0,0,0,0,0,0,0,0,0,0
642,"Nordrassil Raiment",0,0,0,30216,30217,30219,30220,30221,0,0,0,0,0,0,0,0,0,0,0,0
643,"Nordrassil Regalia",0,0,0,30231,30232,30233,30234,30235,0,0,0,0,0,0,0,0,0,0,0,0
644,"Oblivion Raiment",0,0,0,27537,28415,28232,27778,27948,0,0,0,0,0,0,0,0,0,0,0,0
645,"Voidheart Raiment",0,0,0,28963,28968,28966,28967,28964,0,0,0,0,0,0,0,0,0,0,0,0
646,"Corruptor Raiment",0,0,0,30211,30212,30213,30215,30214,0,0,0,0,0,0,0,0,0,0,0,0
647,"Incanter's Regalia",0,0,0,28278,27508,27738,28229,27838,0,0,0,0,0,0,0,0,0,0,0,0
648,"Aldor Regalia",0,0,0,29076,29080,29078,29079,29077,0,0,0,0,0,0,0,0,0,0,0,0
649,"Tirisfal Regalia",0,0,0,30206,30205,30207,30210,30196,0,0,0,0,0,0,0,0,0,0,0,0
650,"Beast Lord Armor",0,0,0,28228,27474,28275,27874,27801,0,0,0,0,0,0,0,0,0,0,0,0
651,"Demon Stalker Armor",0,0,0,29085,29081,29083,29082,29084,0,0,0,0,0,0,0,0,0,0,0,0
652,"Rift Stalker Armor",0,0,0,30139,30140,30141,30142,30143,0,0,0,0,0,0,0,0,0,0,0,0
653,"Bold Armor",0,0,0,28205,27475,27977,27803,28350,0,0,0,0,0,0,0,0,0,0,0,0
654,"Warbringer Armor",0,0,0,29012,29011,29017,29015,29016,0,0,0,0,0,0,0,0,0,0,0,0
655,"Warbringer Battlegear",0,0,0,29021,29019,29020,29022,29023,0,0,0,0,0,0,0,0,0,0,0,0
656,"Destroyer Armor",0,0,0,30113,30115,30114,30116,30117,0,0,0,0,0,0,0,0,0,0,0,0
657,"Destroyer Battlegear",0,0,0,30120,30118,30119,30121,30122,0,0,0,0,0,0,0,0,0,0,0,0
658,"Mana-Etched Regalia",0,0,0,28193,27465,27907,28191,27796,0,0,0,0,0,0,0,0,0,0,0,0
659,"Wastewalker Armor",0,0,0,28264,27531,28224,27837,27797,0,0,0,0,0,0,0,0,0,0,0,0
660,"Desolation Battlegear",0,0,0,27936,28401,27528,28192,27713,0,0,0,0,0,0,0,0,0,0,0,0
661,"Doomplate Battlegear",0,0,0,28403,27497,28225,27870,27771,0,0,0,0,0,0,0,0,0,0,0,0
662,"Hallowed Raiment",0,0,0,28413,28230,27536,27775,27875,0,0,0,0,0,0,0,0,0,0,0,0
663,"Incarnate Raiment",0,0,0,29055,29049,29054,29050,29053,0,0,0,0,0,0,0,0,0,0,0,0
664,"Incarnate Regalia",0,0,0,29057,29059,29056,29058,29060,0,0,0,0,0,0,0,0,0,0,0,0
665,"Avatar Raiment",0,0,0,30153,30152,30151,30154,30150,0,0,0,0,0,0,0,0,0,0,0,0
666,"Avatar Regalia",0,0,0,30160,30161,30162,30159,30163,0,0,0,0,0,0,0,0,0,0,0,0
667,"The Twin Stars",0,0,0,31339,31338,0,0,0,0,0,0,0,0,0,0,0,0,0,0,0
668,"Slayer's Armor",0,0,0,31028,31026,31027,31029,31030,34575,34448,34558,0,0,0,0,0,0,0,0,0
669,"Gronnstalker's Armor",0,0,0,31004,31001,31003,31005,31006,34549,34443,34570,0,0,0,0,0,0,0,0,0
670,"Malefic Raiment",0,0,0,31050,31051,31053,31054,31052,34564,34436,34541,0,0,0,0,0,0,0,0,0
671,"Tempest Regalia",0,0,0,31056,31055,31058,31059,31057,34574,34447,34557,0,0,0,0,0,0,0,0,0
672,"Onslaught Battlegear",0,0,0,30972,30975,30969,30977,30979,34546,34441,34569,0,0,0,0,0,0,0,0,0
673,"Onslaught Armor",0,0,0,30976,30974,30970,30978,30980,34568,34442,34547,0,0,0,0,0,0,0,0,0
674,"Absolution Regalia",0,0,0,31061,31064,31067,31070,31065,34434,34528,34563,0,0,0,0,0,0,0,0,0
675,"Vestments of Absolution",0,0,0,31068,31063,31060,31069,31066,34562,34527,34435,0,0,0,0,0,0,0,0,0
676,"Thunderheart Harness",0,0,0,31042,31034,31039,31044,31048,34556,34444,34573,0,0,0,0,0,0,0,0,0
677,"Thunderheart Regalia",0,0,0,31043,31035,31040,31046,31049,34572,34446,34555,0,0,0,0,0,0,0,0,0
678,"Thunderheart Raiment",0,0,0,31041,31032,31037,31045,31047,34571,34445,34554,0,0,0,0,0,0,0,0,0
679,"Lightbringer Armor",0,0,0,30991,30987,30985,30995,30998,34488,34433,34560,0,0,0,0,0,0,0,0,0
680,"Lightbringer Battlegear",0,0,0,30990,30982,30993,30997,30989,34561,34431,34485,0,0,0,0,0,0,0,0,0
681,"Lightbringer Raiment",0,0,0,30992,30983,30988,30994,30996,34432,34487,34559,0,0,0,0,0,0,0,0,0
682,"Skyshatter Harness",0,0,0,31018,31011,31015,31021,31024,34567,34439,34545,0,0,0,0,0,0,0,0,0
683,"Skyshatter Raiment",0,0,0,31016,31007,31012,31019,31022,34543,34438,34565,0,0,0,0,0,0,0,0,0
684,"Skyshatter Regalia",0,0,0,31017,31008,31014,31020,31023,34542,34437,34566,0,0,0,0,0,0,0,0,0
685,"Gladiator's Refuge",0,0,0,31375,31376,31377,31378,31379,0,0,0,0,0,0,0,0,0,0,0,0
686,"Gladiator's Wartide",0,0,0,31396,31397,31400,31406,31407,0,0,0,0,0,0,0,0,0,0,0,0
687,"Gladiator's Investiture",0,0,0,31409,31410,31411,31412,31413,0,0,0,0,0,0,0,0,0,0,0,0
688,"Grand Marshal's Refuge",0,0,0,0,0,0,0,0,0,0,0,0,0,0,0,0,0,0,0,0
689,"High Warlord's Refuge",0,0,0,0,0,0,0,0,0,0,0,0,0,0,0,0,0,0,0,0
690,"Gladiator's Redemption",0,0,0,31613,31614,31616,31618,31619,0,0,0,0,0,0,0,0,0,0,0,0
691,"Grand Marshal's Investiture",0,0,0,0,0,0,0,0,0,0,0,0,0,0,0,0,0,0,0,0
692,"High Warlord's Investiture",0,0,0,0,0,0,0,0,0,0,0,0,0,0,0,0,0,0,0,0
693,"Grand Marshal's Redemption",0,0,0,0,0,0,0,0,0,0,0,0,0,0,0,0,0,0,0,0
694,"High Warlord's Redemption",0,0,0,0,0,0,0,0,0,0,0,0,0,0,0,0,0,0,0,0
695,"Grand Marshal's Wartide",0,0,0,0,0,0,0,0,0,0,0,0,0,0,0,0,0,0,0,0
696,"High Warlord's Wartide",0,0,0,0,0,0,0,0,0,0,0,0,0,0,0,0,0,0,0,0
697,"Champion's Redoubt",0,0,0,29600,29601,29602,29603,29604,29605,0,0,0,0,0,0,0,0,0,0,0
698,"Warlord's Aegis",0,0,0,29612,29613,29614,29615,29616,29617,0,0,0,0,0,0,0,0,0,0,0
699,"The Twin Blades of Azzinoth",0,0,0,32838,32837,0,0,0,0,0,0,0,0,0,0,0,0,0,0,0
700,"Merciless Gladiator's Aegis",0,0,0,0,0,0,0,0,0,0,0,0,0,0,0,0,0,0,0,0
701,"Merciless Gladiator's Battlegear",0,0,0,0,0,0,0,0,0,0,0,0,0,0,0,0,0,0,0,0
702,"Merciless Gladiator's Dreadgear",0,0,0,0,0,0,0,0,0,0,0,0,0,0,0,0,0,0,0,0
703,"Merciless Gladiator's Earthshaker",0,0,0,0,0,0,0,0,0,0,0,0,0,0,0,0,0,0,0,0
704,"Merciless Gladiator's Felshroud",0,0,0,0,0,0,0,0,0,0,0,0,0,0,0,0,0,0,0,0
705,"Merciless Gladiator's Investiture",0,0,0,0,0,0,0,0,0,0,0,0,0,0,0,0,0,0,0,0
706,"Merciless Gladiator's Pursuit",0,0,0,0,0,0,0,0,0,0,0,0,0,0,0,0,0,0,0,0
707,"Merciless Gladiator's Raiment",0,0,0,0,0,0,0,0,0,0,0,0,0,0,0,0,0,0,0,0
708,"Merciless Gladiator's Redemption",0,0,0,0,0,0,0,0,0,0,0,0,0,0,0,0,0,0,0,0
709,"Merciless Gladiator's Refuge",0,0,0,0,0,0,0,0,0,0,0,0,0,0,0,0,0,0,0,0
710,"Merciless Gladiator's Regalia",0,0,0,0,0,0,0,0,0,0,0,0,0,0,0,0,0,0,0,0
711,"Merciless Gladiator's Sanctuary",0,0,0,0,0,0,0,0,0,0,0,0,0,0,0,0,0,0,0,0
712,"Merciless Gladiator's Thunderfist",0,0,0,0,0,0,0,0,0,0,0,0,0,0,0,0,0,0,0,0
713,"Merciless Gladiator's Vestments",0,0,0,0,0,0,0,0,0,0,0,0,0,0,0,0,0,0,0,0
714,"Merciless Gladiator's Vindication",0,0,0,0,0,0,0,0,0,0,0,0,0,0,0,0,0,0,0,0
715,"Merciless Gladiator's Wartide",0,0,0,0,0,0,0,0,0,0,0,0,0,0,0,0,0,0,0,0
716,"Merciless Gladiator's Wildhide",0,0,0,0,0,0,0,0,0,0,0,0,0,0,0,0,0,0,0,0
717,"Field Marshal's Earthshaker",0,0,0,29608,29606,29611,29609,29607,29610,0,0,0,0,0,0,0,0,0,0,0
718,"Lieutenant Commander's Earthshaker",0,0,0,29599,29595,29597,29596,29598,29594,0,0,0,0,0,0,0,0,0,0,0
719,"The Fists of Fury",0,0,0,32946,32945,0,0,0,0,0,0,0,0,0,0,0,0,0,0,0
720,"Vengeful Gladiator's Refuge",0,0,0,0,0,0,0,0,0,0,0,0,0,0,0,0,0,0,0,0
721,"Vengeful Gladiator's Sanctuary",0,0,0,0,0,0,0,0,0,0,0,0,0,0,0,0,0,0,0,0
722,"Vengeful Gladiator's Wildhide",0,0,0,0,0,0,0,0,0,0,0,0,0,0,0,0,0,0,0,0
723,"Vengeful Gladiator's Pursuit",0,0,0,0,0,0,0,0,0,0,0,0,0,0,0,0,0,0,0,0
724,"Vengeful Gladiator's Regalia",0,0,0,0,0,0,0,0,0,0,0,0,0,0,0,0,0,0,0,0
725,"Vengeful Gladiator's Redemption",0,0,0,0,0,0,0,0,0,0,0,0,0,0,0,0,0,0,0,0
726,"Vengeful Gladiator's Vindication",0,0,0,0,0,0,0,0,0,0,0,0,0,0,0,0,0,0,0,0
727,"Vengeful Gladiator's Aegis",0,0,0,0,0,0,0,0,0,0,0,0,0,0,0,0,0,0,0,0
728,"Vengeful Gladiator's Investiture",0,0,0,0,0,0,0,0,0,0,0,0,0,0,0,0,0,0,0,0
729,"Vengeful Gladiator's Raiment",0,0,0,0,0,0,0,0,0,0,0,0,0,0,0,0,0,0,0,0
730,"Vengeful Gladiator's Vestments",0,0,0,0,0,0,0,0,0,0,0,0,0,0,0,0,0,0,0,0
731,"Vengeful Gladiator's Wartide",0,0,0,0,0,0,0,0,0,0,0,0,0,0,0,0,0,0,0,0
732,"Vengeful Gladiator's Earthshaker",0,0,0,0,0,0,0,0,0,0,0,0,0,0,0,0,0,0,0,0
733,"Vengeful Gladiator's Thunderfist",0,0,0,0,0,0,0,0,0,0,0,0,0,0,0,0,0,0,0,0
734,"Vengeful Gladiator's Dreadgear",0,0,0,0,0,0,0,0,0,0,0,0,0,0,0,0,0,0,0,0
735,"Vengeful Gladiator's Felshroud",0,0,0,0,0,0,0,0,0,0,0,0,0,0,0,0,0,0,0,0
736,"Vengeful Gladiator's Battlegear",0,0,0,0,0,0,0,0,0,0,0,0,0,0,0,0,0,0,0,0
737,"Latro's Flurry",0,0,0,34703,28189,0,0,0,0,0,0,0,0,0,0,0,0,0,0,0
738,"Dreadweave Battlegear",0,0,0,0,0,0,0,0,0,0,0,0,0,0,0,0,0,0,0,0
739,"Mooncloth Battlegear",0,0,0,0,0,0,0,0,0,0,0,0,0,0,0,0,0,0,0,0
740,"Satin Battlegear",0,0,0,0,0,0,0,0,0,0,0,0,0,0,0,0,0,0,0,0
741,"Evoker's Silk Battlegear",0,0,0,0,0,0,0,0,0,0,0,0,0,0,0,0,0,0,0,0
742,"Dragonhide Battlegear",0,0,0,0,0,0,0,0,0,0,0,0,0,0,0,0,0,0,0,0
743,"Wyrmhide Battlegear",0,0,0,0,0,0,0,0,0,0,0,0,0,0,0,0,0,0,0,0
744,"Kodohide Battlegear",0,0,0,0,0,0,0,0,0,0,0,0,0,0,0,0,0,0,0,0
745,"Opportunist's Battlegear",0,0,0,0,0,0,0,0,0,0,0,0,0,0,0,0,0,0,0,0
746,"Seer's Mail Battlegear",0,0,0,0,0,0,0,0,0,0,0,0,0,0,0,0,0,0,0,0
747,"Seer's Ringmail Battlegear",0,0,0,35391,35392,35393,35394,35395,0,0,0,0,0,0,0,0,0,0,0,0
748,"Seer's Linked Battlegear",0,0,0,0,0,0,0,0,0,0,0,0,0,0,0,0,0,0,0,0
749,"Stalker's Chain Battlegear",0,0,0,0,0,0,0,0,0,0,0,0,0,0,0,0,0,0,0,0
750,"Savage Plate Battlegear",0,0,0,0,0,0,0,0,0,0,0,0,0,0,0,0,0,0,0,0
751,"Crusader's Ornamented Battlegear",0,0,0,0,0,0,0,0,0,0,0,0,0,0,0,0,0,0,0,0
752,"Crusader's Scaled Battlegear",0,0,0,35412,35413,35414,35415,35416,0,0,0,0,0,0,0,0,0,0,0,0
2013,"Oathbound's Opportunistic Vestments",0,0,0,35370,35369,35368,35367,35366,0,0,0,0,0,0,0,0,0,0,0,0
2014,"Oathbound's Savage Plate Battlegear",0,0,0,35407,35408,35409,35410,35411,0,0,0,0,0,0,0,0,0,0,0,0
2015,"Oathbound's Ornamented Battlegear",0,0,0,35402,35403,35404,35405,35406,0,0,0,0,0,0,0,0,0,0,0,0
2016,"Oathbound's Scaled Battlegear",0,0,0,35412,35413,35414,35415,35416,0,0,0,0,0,0,0,0,0,0,0,0
2017,"Oathbound's Ringmail Battlegear",0,0,0,35391,35392,35393,35394,35395,0,0,0,0,0,0,0,0,0,0,0,0
2018,"Oathbound's Mail Battlegear",0,0,0,35386,35387,35388,35389,35390,0,0,0,0,0,0,0,0,0,0,0,0
2019,"Oathbound's Linked Battlegear",0,0,0,35381,35382,35383,35384,35385,0,0,0,0,0,0,0,0,0,0,0,0
2020,"Oathbound's Chain Battlegear",0,0,0,35376,35377,35378,35379,35380,0,0,0,0,0,0,0,0,0,0,0,0
2021,"Oathbound's Silk Battlegear",0,0,0,35343,35344,35345,35346,35347,0,0,0,0,0,0,0,0,0,0,0,0
2022,"Oathbound's Dreadweave Battlegear",0,0,0,35328,35329,35330,35331,35332,0,0,0,0,0,0,0,0,0,0,0,0
2023,"Oathbound's Mooncloth Battlegear",0,0,0,35333,35334,35335,35336,35337,0,0,0,0,0,0,0,0,0,0,0,0
2024,"Oathbound's Satin Battlegear",0,0,0,35338,35339,35340,35341,35342,0,0,0,0,0,0,0,0,0,0,0,0
2025,"Oathbound's Dragonhide Battlegear",0,0,0,35356,35357,35358,35360,35359,0,0,0,0,0,0,0,0,0,0,0,0
2026,"Oathbound's Wyrmhide Battlegear",0,0,0,35371,35372,35373,35375,35374,0,0,0,0,0,0,0,0,0,0,0,0
2027,"Oathbound's Kodohide Battlegear",0,0,0,35361,35362,35363,35365,35364,0,0,0,0,0,0,0,0,0,0,0,0
