"ID","DifficultyID","CategoryRecoveryTime","RecoveryTime","StartRecoveryTime","AuraSpellID","SpellID"
"52899","0","30000","0","1500","0","543"
"52902","0","3600000","0","1500","0","633"
"52903","0","0","0","1500","0","172"
"52906","0","0","0","1500","0","403"
"52907","0","0","0","1500","0","597"
"52908","0","0","0","1500","0","598"
"52910","0","0","0","1500","0","139"
"52912","0","900000","0","1500","0","556"
"52913","0","0","0","1500","0","136"
"52917","0","300000","0","1500","0","498"
"52919","0","0","0","1500","0","126"
"52920","0","0","0","1500","0","130"
"52921","0","0","0","1500","0","132"
"52923","0","1000","0","0","0","71"
"52927","0","0","0","1500","0","585"
"52928","0","30000","0","1500","0","586"
"52929","0","0","0","1500","0","587"
"52931","0","0","0","1500","0","688"
"52932","0","0","0","1500","0","99"
"52933","0","0","0","1500","0","10"
"52935","0","0","0","1500","0","467"
"52937","0","0","0","1500","0","116"
"52944","0","0","0","1500","0","133"
"52945","0","0","0","1500","0","143"
"52946","0","0","0","1500","0","145"
"52949","0","0","0","1500","0","546"
"52950","0","0","0","1500","0","547"
"52951","0","0","0","1500","0","548"
"52957","0","0","0","1500","0","635"
"52959","0","300000","0","1500","0","642"
"52965","0","0","0","1500","0","465"
"52966","0","0","0","1500","0","589"
"52967","0","0","0","1000","0","53"
"52968","0","60000","0","1500","0","603"
"52976","0","0","0","1500","0","689"
"52978","0","0","0","1500","0","591"
"52980","0","0","0","1500","0","339"
"52981","0","360000","0","1500","0","724"
"52982","0","0","0","1500","0","596"
"52984","0","0","0","1500","0","552"
"52985","0","0","0","1500","0","594"
"52989","0","20000","0","1000","0","408"
"52993","0","6000","0","1500","0","421"
"52994","0","0","0","1500","0","639"
"52996","0","0","0","1500","0","526"
"53000","0","15000","0","0","0","100"
"53001","0","0","0","1500","0","453"
"53004","0","25000","0","1500","0","122"
"53011","0","0","0","1500","0","602"
"53014","0","0","0","1500","0","913"
"53015","0","0","0","1500","0","982"
"53016","0","0","0","1500","0","984"
"53017","0","0","0","1500","0","527"
"53018","0","0","0","1500","0","528"
"53020","0","0","0","1500","0","693"
"53021","0","60000","0","1500","0","853"
"53023","0","0","0","1500","0","696"
"53027","0","300000","0","1500","0","66"
"53029","0","0","0","1500","0","697"
"53030","0","0","0","1500","0","698"
"53032","0","0","0","1500","0","779"
"53036","0","0","0","1500","0","1026"
"53038","0","0","0","1500","0","695"
"53040","0","0","0","1500","0","780"
"53041","0","5000","0","1500","0","781"
"53042","0","6000","0","1500","0","930"
"53043","0","0","0","1500","0","686"
"53044","0","0","0","1500","0","707"
"53045","0","0","0","1500","0","709"
"53046","0","0","0","1500","0","647"
"53050","0","0","0","1500","0","783"
"53051","0","0","0","1500","0","687"
"53053","0","0","0","1500","0","772"
"53054","0","0","0","1500","0","915"
"53057","0","0","0","1500","0","1094"
"53059","0","0","0","1500","0","1042"
"53062","0","0","0","1000","0","703"
"53068","0","0","0","1500","0","529"
"53070","0","0","0","1500","0","782"
"53071","0","0","0","1500","0","943"
"53072","0","0","0","1500","0","1002"
"53073","0","0","0","1500","0","1004"
"53074","0","0","0","1500","0","604"
"53075","0","0","0","1500","0","605"
"53076","0","0","0","1500","0","837"
"53080","0","12000","0","1500","0","72"
"53084","0","0","0","1500","0","1714"
"53090","0","0","0","1500","0","691"
"53092","0","0","0","1500","0","588"
"53093","0","0","0","1500","0","1008"
"53095","0","0","0","1500","0","1010"
"53097","0","0","0","1500","0","883"
"53098","0","0","0","1500","0","348"
"53099","0","10000","0","0","0","355"
"53101","0","0","0","1500","0","370"
"53103","0","60000","0","1500","0","676"
"53104","0","15000","0","1500","0","879"
"53105","0","0","0","1500","0","712"
"53108","0","0","0","1500","0","759"
"53110","0","1800000","0","1500","0","871"
"53118","0","0","0","1500","0","755"
"53122","0","25000","0","1500","0","865"
"53124","0","0","0","1500","0","1430"
"53130","0","0","0","1500","0","939"
"53132","0","0","0","1500","0","475"
"53133","0","0","25000","1500","0","1044"
"53134","0","0","0","1500","0","905"
"53136","0","0","0","1500","0","324"
"53137","0","0","0","1500","0","331"
"53138","0","0","0","1500","0","332"
"53140","0","0","0","1500","0","1490"
"53146","0","300000","0","1500","0","1020"
"53147","0","0","0","1500","0","205"
"53149","0","0","0","1500","0","1108"
"53154","0","0","0","1500","0","1735"
"53155","0","0","0","1500","0","1075"
"53157","0","15000","0","1500","0","3034"
"53158","0","3600000","0","1500","0","1122"
"53160","0","0","0","1000","0","1760"
"53161","0","5000","0","1500","0","1754"
"53162","0","0","0","1500","0","2060"
"53163","0","0","0","1500","0","2061"
"53169","0","12000","0","1500","0","1671"
"53170","0","12000","0","1500","0","1672"
"53171","0","0","0","1500","0","1454"
"53177","0","0","0","1500","0","1978"
"53179","0","0","0","1500","0","1456"
"53180","0","10000","0","1000","0","1766"
"53182","0","10000","0","1000","0","1776"
"53183","0","10000","0","1000","0","1767"
"53184","0","10000","0","1000","0","1768"
"53185","0","10000","0","1000","0","1769"
"53186","0","0","0","1500","0","1244"
"53188","0","0","60000","0","0","2687"
"53189","0","0","600000","1500","0","1161"
"53190","0","0","0","1500","0","1462"
"53193","0","0","0","1500","0","774"
"53195","0","0","0","1000","0","1082"
"53197","0","300000","0","0","0","3045"
"53198","0","0","0","1500","0","959"
"53201","0","0","0","1500","0","2791"
"53202","0","0","0","1500","0","1088"
"53206","0","0","0","1500","0","1459"
"53207","0","0","0","1500","0","1460"
"53215","0","0","0","1500","0","768"
"53216","0","0","0","1500","0","769"
"53217","0","0","0","1500","0","770"
"53219","0","0","0","1000","0","2098"
"53223","0","0","0","1500","0","1014"
"53224","0","0","0","1500","0","1062"
"53225","0","0","0","1500","0","1064"
"53229","0","0","0","1000","0","2589"
"53230","0","0","0","1000","0","2590"
"53233","0","0","5000","0","0","2565"
"53235","0","0","0","1000","0","3029"
"53236","0","5000","0","1500","0","1755"
"53237","0","5000","0","1500","0","1756"
"53238","0","0","0","1500","0","1449"
"53239","0","5000","0","1500","0","1495"
"53240","0","10000","0","1500","0","1680"
"53241","0","0","0","1000","0","1757"
"53242","0","0","0","1000","0","1758"
"53243","0","0","0","1000","0","2591"
"53244","0","0","0","1500","0","1455"
"53245","0","30000","0","1000","0","1725"
"53249","0","0","0","1500","0","1160"
"53250","0","0","0","1500","0","988"
"53251","0","0","0","1500","0","990"
"53252","0","10000","0","0","0","1786"
"53254","0","0","0","1500","0","7386"
"53255","0","10000","0","0","0","1787"
"53256","0","0","0","1500","0","699"
"53257","0","600000","0","1500","0","740"
"53260","0","10000","0","0","0","1784"
"53262","0","0","0","1500","0","1066"
"53267","0","0","0","1500","0","974"
"53268","0","10000","0","0","0","1785"
"53269","0","0","0","1500","0","1706"
"53270","0","0","0","1500","0","976"
"53271","0","0","0","1500","0","1243"
"53275","0","15000","0","1000","0","1535"
"53277","0","30000","0","1500","0","1499"
"53286","0","0","0","1500","0","778"
"53287","0","20000","180000","1000","0","2094"
"53288","0","0","0","1500","0","1130"
"53294","0","0","0","1500","0","1245"
"53295","0","0","0","1500","0","1086"
"53303","0","0","0","1500","0","1463"
"53305","0","0","0","1500","0","1106"
"53306","0","0","0","1500","0","1461"
"53309","0","0","0","1500","0","1058"
"53310","0","0","0","1500","0","1464"
"53312","0","10000","0","1000","0","1777"
"53317","0","0","0","1500","0","2006"
"53318","0","0","0","1500","0","1494"
"53324","0","30000","0","1500","0","1513"
"53325","0","300000","0","1500","0","1022"
"53326","0","0","0","1500","0","1038"
"53327","0","0","0","1500","0","1098"
"53330","0","0","0","1500","0","996"
"53331","0","0","0","1500","0","970"
"53335","0","0","0","1500","0","1715"
"53336","0","0","20000","1500","0","1543"
"53337","0","0","0","1500","0","1120"
"53338","0","0","0","1500","0","1152"
"53339","0","0","0","1500","0","2908"
"53340","0","0","0","1500","0","2912"
"53341","0","0","0","1500","0","2836"
"53342","0","30000","0","1500","0","9592"
"53348","0","0","0","1500","0","2870"
"53354","0","0","0","1500","0","3009"
"53355","0","30000","0","1500","0","2878"
"53360","0","300000","0","0","0","1850"
"53361","0","0","0","1500","0","2941"
"53362","0","180000","0","1500","0","2944"
"53365","0","0","0","1500","0","8423"
"53367","0","0","0","1500","0","3010"
"53370","0","0","0","1500","0","2120"
"53371","0","120000","1200000","1000","0","2894"
"53372","0","8000","0","1500","0","2138"
"53375","0","300000","0","0","0","2983"
"53382","0","24000","0","0","0","2139"
"53383","0","4000","0","1500","0","3747"
"53387","0","0","0","1000","0","1759"
"53388","0","6000","0","0","0","2973"
"53389","0","0","0","1500","0","1126"
"53390","0","60000","0","1500","0","1510"
"53391","0","0","0","1500","0","3043"
"53392","0","0","0","1500","0","2652"
"53393","0","6000","0","1500","0","3044"
"53396","0","0","0","1500","0","2974"
"53410","0","0","0","1000","0","1752"
"53416","0","10000","0","1500","0","2643"
"53426","0","0","0","1500","0","2121"
"53427","0","0","0","1500","0","2767"
"53430","0","0","0","1000","0","1824"
"53439","0","0","0","1500","0","2782"
"53444","0","0","0","1500","0","2008"
"53445","0","0","0","1500","0","2645"
"53446","0","5000","0","1500","0","1753"
"53447","0","0","0","1500","0","1949"
"53448","0","1000","0","0","0","2457"
"53451","0","0","0","1500","0","2362"
"53453","0","0","0","1500","0","2054"
"53454","0","0","0","1500","0","2055"
"53456","0","0","0","1000","0","1943"
"53459","0","5000","0","0","0","2649"
"53462","0","0","0","1500","0","2010"
"53465","0","0","0","1500","0","1515"
"53466","0","3600000","0","1500","0","2800"
"53469","0","300000","0","0","0","1856"
"53470","0","0","0","1000","0","1823"
"53471","0","0","15000","1000","0","2484"
"53474","0","0","0","1500","0","2090"
"53475","0","8000","0","1500","0","2137"
"53477","0","0","0","1500","0","2893"
"53482","0","0","0","1500","0","2637"
"53484","0","0","0","1500","0","2096"
"53487","0","0","0","1500","0","2947"
"53488","0","0","0","1500","0","2948"
"53491","0","0","0","1500","0","2050"
"53492","0","0","0","1500","0","2052"
"53494","0","0","0","1000","0","2070"
"53497","0","0","0","1500","0","2091"
"53498","0","180000","0","1500","0","2651"
"53499","0","0","0","1500","0","2053"
"53500","0","6000","0","1500","0","2860"
"53502","0","0","0","1500","0","2641"
"53503","0","8000","0","1500","0","2136"
"53504","0","5000","0","1500","0","1742"
"53505","0","0","0","1500","0","8422"
"53508","0","60000","0","1500","0","2812"
"53509","0","0","0","1000","0","1822"
"53511","0","0","0","1000","0","1833"
"53513","0","15000","0","1500","0","1953"
"53516","0","300000","0","0","0","1857"
"53527","0","0","0","1500","0","3700"
"53529","0","0","10000","0","0","4511"
"53537","0","0","0","1500","0","3627"
"53538","0","0","0","1500","0","3698"
"53541","0","0","0","1500","0","3561"
"53549","0","0","0","1500","0","3662"
"53551","0","0","0","1500","0","3472"
"53557","0","0","0","1000","0","9492"
"53564","0","0","0","1500","0","3562"
"53565","0","0","0","1500","0","3563"
"53566","0","0","0","1000","0","3599"
"53570","0","0","0","1000","0","3110"
"53571","0","0","0","1500","0","3111"
"53573","0","0","0","1500","0","3674"
"53578","0","1000","0","0","0","2458"
"53584","0","0","0","1500","0","9490"
"53586","0","0","0","1500","0","3565"
"53587","0","0","0","1500","0","3552"
"53589","0","0","0","1500","0","3566"
"53590","0","0","0","1500","0","3567"
"53597","0","0","0","1500","0","3661"
"53603","0","0","0","1500","0","3140"
"53613","0","0","0","1500","0","5186"
"53619","0","0","0","1500","0","5308"
"53621","0","0","0","1500","0","5504"
"53622","0","0","0","1500","0","5505"
"53623","0","0","0","1500","0","5506"
"53625","0","0","0","1500","0","4987"
"53627","0","0","0","1500","0","5138"
"53631","0","0","0","1500","0","5187"
"53632","0","0","0","1500","0","5188"
"53633","0","0","0","1500","0","5185"
"53644","0","0","0","1500","0","3699"
"53651","0","5000","0","1500","0","3716"
"53656","0","0","12000","1500","0","5116"
"53658","0","0","0","1500","0","5699"
"53659","0","0","0","1500","0","6076"
"53660","0","0","30000","0","0","5384"
"53661","0","0","0","1000","0","5221"
"53662","0","0","0","1500","0","6074"
"53663","0","0","0","1500","0","6075"
"53664","0","0","0","1500","0","5697"
"53666","0","0","0","1500","0","5189"
"53667","0","0","0","1500","0","6060"
"53670","0","0","0","1500","0","5242"
"53675","0","0","0","1500","0","6064"
"53676","0","0","0","1500","0","5196"
"53679","0","0","0","1500","0","6117"
"53684","0","0","0","1500","0","5195"
"53686","0","40000","0","1500","0","5484"
"53688","0","0","0","1500","0","6077"
"53689","0","30000","0","1000","0","5730"
"53698","0","0","0","1500","0","9889"
"53700","0","0","0","1500","0","5143"
"53701","0","0","0","1500","0","5144"
"53702","0","0","0","1000","0","5201"
"53703","0","0","0","1500","0","5118"
"53705","0","0","0","1500","0","5784"
"53706","0","0","0","1500","0","6063"
"53709","0","0","0","1500","0","5225"
"53711","0","0","0","1500","0","5502"
"53715","0","0","0","1000","0","5394"
"53720","0","0","0","1500","0","9888"
"53721","0","0","0","1500","0","5180"
"53722","0","10000","0","0","0","5215"
"53724","0","0","1000","0","0","5217"
"53727","0","5000","0","0","0","14917"
"53735","0","0","60000","0","0","5229"
"53736","0","0","0","1500","0","5232"
"53738","0","0","0","1500","0","5176"
"53739","0","0","0","1500","0","5177"
"53740","0","0","0","1500","0","5178"
"53741","0","0","0","1500","0","5179"
"53744","0","0","600000","1500","0","5209"
"53745","0","60000","0","1500","0","5211"
"53750","0","0","0","1500","0","6222"
"53752","0","60000","0","1500","0","5589"
"53754","0","0","0","1500","0","6127"
"53757","0","10000","0","1500","0","6554"
"53761","0","0","0","1000","0","5171"
"53762","0","60000","0","1500","0","5588"
"53769","0","0","0","1500","0","6219"
"53770","0","30000","0","1500","0","5627"
"53775","0","0","0","1500","0","6129"
"53780","0","30000","0","1500","0","6940"
"53783","0","0","0","1000","0","9752"
"53789","0","0","0","1500","0","8417"
"53790","0","0","0","1500","0","8416"
"53791","0","0","0","1500","0","5487"
"53793","0","0","0","1500","0","5234"
"53794","0","300000","0","0","0","5277"
"53797","0","300000","0","1500","0","5573"
"53798","0","0","0","1500","0","5782"
"53800","0","0","0","1500","0","9747"
"53802","0","0","0","1500","0","6546"
"53804","0","25000","0","1500","0","6131"
"53805","0","0","0","1500","0","9749"
"53806","0","0","0","1500","0","9750"
"53809","0","0","0","1500","0","5145"
"53810","0","0","0","1000","0","6495"
"53811","0","0","0","1500","0","6078"
"53812","0","0","180000","1500","0","5246"
"53814","0","0","0","1500","0","6041"
"53817","0","0","0","1500","0","6190"
"53820","0","0","0","1500","0","6141"
"53821","0","0","0","1500","0","6201"
"53822","0","0","0","1500","0","5570"
"53824","0","0","0","1500","0","6192"
"53825","0","0","0","1500","0","6197"
"53830","0","4000","0","1500","0","6065"
"53831","0","0","0","1500","0","5740"
"53833","0","0","0","1500","0","6202"
"53837","0","0","0","1500","0","7294"
"53838","0","0","300000","1500","0","6542"
"53839","0","0","0","1500","0","5676"
"53840","0","30000","0","1000","0","6392"
"53846","0","0","0","1000","0","6785"
"53847","0","0","0","1500","0","6548"
"53852","0","0","0","1000","0","6770"
"53853","0","0","180000","1500","0","6346"
"53855","0","10000","0","0","0","6783"
"53861","0","5000","0","1500","0","6572"
"53862","0","0","0","1500","0","6547"
"53863","0","0","0","1000","0","6363"
"53864","0","0","0","1500","0","8018"
"53868","0","0","0","1000","0","6365"
"53869","0","30000","0","1000","0","6390"
"53871","0","5000","0","1500","0","7384"
"53873","0","30000","0","1000","0","6391"
"53874","0","0","0","1000","0","6774"
"53877","0","0","0","1500","0","6213"
"53883","0","0","0","1500","0","7128"
"53884","0","0","0","1500","0","5500"
"53886","0","0","0","1500","0","8439"
"53888","0","0","0","1000","0","6760"
"53890","0","0","0","1500","0","6756"
"53891","0","10000","0","1500","0","6552"
"53892","0","10000","0","1000","0","6768"
"53893","0","120000","0","1500","0","6789"
"53895","0","0","0","1500","0","7301"
"53897","0","0","0","1000","0","6364"
"53903","0","15000","0","1500","0","5614"
"53904","0","0","0","1500","0","6205"
"53906","0","0","0","1500","0","6358"
"53907","0","0","0","1500","0","6226"
"53910","0","0","0","1500","0","6223"
"53914","0","30000","0","1500","0","6143"
"53916","0","0","0","1500","0","8495"
"53919","0","0","0","1500","0","6673"
"53920","0","0","0","1500","0","6778"
"53921","0","0","0","1500","0","6780"
"53928","0","15000","0","1500","0","5615"
"53929","0","0","0","1000","0","6761"
"53930","0","0","0","1000","0","6762"
"53931","0","4000","0","1500","0","6343"
"53933","0","0","0","1500","0","6217"
"53935","0","30000","0","1500","0","6229"
"53936","0","0","180000","0","0","12042"
"53938","0","0","0","1000","0","5675"
"53940","0","15000","0","0","0","6178"
"53941","0","10000","0","0","0","6795"
"53945","0","60000","0","1500","0","6353"
"53947","0","0","0","1500","0","6215"
"53948","0","0","0","1500","0","6366"
"53949","0","4000","0","1500","0","6360"
"53950","0","0","1000","0","0","6793"
"53952","0","0","0","1000","0","6375"
"53956","0","0","0","1000","0","6377"
"53958","0","0","0","1500","0","7300"
"53964","0","60000","0","1500","0","6798"
"53965","0","0","0","1000","0","6800"
"53967","0","0","0","1500","0","1006"
"53968","0","0","0","1500","0","7648"
"53969","0","0","0","1500","0","7328"
"53972","0","0","0","1500","0","7641"
"53973","0","0","0","1500","0","7870"
"53975","0","0","0","1500","0","992"
"53976","0","0","0","1500","0","7373"
"53979","0","15000","0","1000","0","8498"
"53980","0","0","0","1500","0","8949"
"53981","0","6000","0","1500","0","8052"
"53982","0","8000","0","1500","0","8413"
"53983","0","300000","0","1500","0","5599"
"53984","0","6000","0","1500","0","8044"
"53987","0","5000","0","1500","0","7887"
"53988","0","0","0","1000","0","7799"
"53989","0","0","0","1000","0","7800"
"53990","0","0","0","1000","0","7801"
"53991","0","0","0","1000","0","7802"
"53992","0","0","0","1500","0","8444"
"53996","0","120000","0","1500","0","7402"
"53997","0","0","0","1500","0","1032"
"53998","0","0","0","1500","0","8450"
"53999","0","0","0","1500","0","8951"
"54003","0","0","0","1500","0","8017"
"54006","0","25000","0","1500","0","7371"
"54008","0","0","0","1500","0","7302"
"54010","0","0","0","1500","0","8012"
"54011","0","0","0","1500","0","8004"
"54012","0","0","0","1500","0","8005"
"54013","0","0","0","1500","0","7320"
"54014","0","0","0","1500","0","8027"
"54015","0","0","0","1500","0","8038"
"54017","0","0","0","1500","0","168"
"54018","0","0","0","1500","0","8010"
"54019","0","0","0","1500","0","8955"
"54021","0","0","0","1500","0","8024"
"54023","0","4000","0","1500","0","6066"
"54024","0","0","0","1500","0","7651"
"54029","0","0","0","1000","0","1079"
"54030","0","5000","0","1500","0","7379"
"54034","0","120000","0","1500","0","7400"
"54037","0","12000","0","1500","0","7816"
"54038","0","0","0","1500","0","8030"
"54046","0","0","0","1000","0","8676"
"54047","0","10000","0","1500","0","8492"
"54048","0","8000","0","1500","0","8104"
"54050","0","0","0","1500","0","8455"
"54051","0","30000","0","1500","0","8458"
"54052","0","0","0","1500","0","706"
"54053","0","30000","0","1500","0","8461"
"54055","0","0","0","1000","0","8512"
"54056","0","0","0","1500","0","8438"
"54057","0","0","0","1000","0","9493"
"54061","0","0","0","1500","0","8129"
"54062","0","10000","0","1000","0","8629"
"54065","0","8000","0","1500","0","8105"
"54068","0","30000","0","1500","0","8462"
"54069","0","8000","0","1500","0","8106"
"54070","0","0","0","1500","0","980"
"54072","0","6000","0","1500","0","8045"
"54074","0","0","0","1000","0","8631"
"54075","0","0","0","1500","0","8437"
"54077","0","0","0","1500","0","8232"
"54080","0","0","0","1000","0","8075"
"54081","0","0","0","1500","0","10054"
"54082","0","0","0","1500","0","8235"
"54084","0","0","0","1000","0","8632"
"54085","0","4000","0","1500","0","600"
"54086","0","5000","0","0","0","14918"
"54087","0","0","0","1000","0","8639"
"54088","0","0","0","1000","0","8623"
"54089","0","0","0","1500","0","10053"
"54092","0","0","0","1500","0","945"
"54093","0","0","0","1000","0","8160"
"54094","0","0","0","1500","0","7658"
"54095","0","0","0","1500","0","8033"
"54096","0","0","0","1500","0","643"
"54099","0","0","0","1000","0","8640"
"54102","0","0","0","1500","0","8914"
"54103","0","0","0","1500","0","7659"
"54106","0","0","0","1500","0","8446"
"54107","0","0","480000","0","0","11958"
"54109","0","4000","0","1500","0","8204"
"54110","0","0","0","1500","0","6196"
"54111","0","5000","0","0","0","14920"
"54112","0","5000","0","1500","0","6574"
"54113","0","0","0","1500","0","8427"
"54115","0","6000","0","1500","0","8053"
"54116","0","6000","0","1500","0","8056"
"54118","0","0","0","1500","0","8380"
"54119","0","0","0","1500","0","8008"
"54122","0","0","0","1000","0","8190"
"54124","0","0","0","1500","0","8192"
"54125","0","20000","0","1000","0","8643"
"54126","0","0","0","1000","0","8835"
"54127","0","0","0","1000","0","8647"
"54128","0","0","0","1000","0","6787"
"54129","0","0","0","1000","0","8155"
"54131","0","6000","0","1500","0","8046"
"54134","0","0","0","1500","0","7372"
"54138","0","0","0","1500","0","8451"
"54140","0","0","0","1500","0","8131"
"54142","0","600000","0","1500","0","8918"
"54145","0","0","0","1500","0","325"
"54146","0","10000","0","1000","0","8637"
"54148","0","30000","0","1500","0","8122"
"54149","0","0","0","1000","0","8071"
"54150","0","6000","0","1500","0","8042"
"54151","0","0","0","1500","0","7322"
"54152","0","60000","0","1500","0","8983"
"54153","0","8000","0","1500","0","8412"
"54154","0","0","0","1500","0","704"
"54155","0","0","0","1000","0","8161"
"54156","0","0","0","1500","0","8407"
"54157","0","0","0","1500","0","8408"
"54158","0","6000","0","1500","0","8050"
"54162","0","4000","0","1500","0","8205"
"54164","0","0","0","1500","0","7405"
"54165","0","0","0","1000","0","8725"
"54166","0","0","0","1500","0","9856"
"54168","0","10000","0","0","0","9913"
"54169","0","0","0","1500","0","10186"
"54171","0","0","0","1500","0","9857"
"54172","0","0","0","1500","0","8134"
"54173","0","0","0","1000","0","8170"
"54175","0","0","1000","0","0","9845"
"54176","0","0","1000","0","0","9846"
"54177","0","0","0","1500","0","8936"
"54181","0","0","0","1500","0","10185"
"54182","0","0","0","1500","0","10187"
"54183","0","0","0","1500","0","9484"
"54184","0","0","0","1500","0","9634"
"54185","0","30000","0","1500","0","9578"
"54186","0","0","0","1500","0","9756"
"54187","0","15000","0","1000","0","8177"
"54188","0","0","0","1500","0","10151"
"54193","0","15000","0","1000","0","8499"
"54194","0","0","0","1500","0","14914"
"54195","0","0","0","1500","0","7646"
"54196","0","0","0","1500","0","8019"
"54197","0","0","0","1500","0","9835"
"54200","0","0","0","1500","0","9485"
"54201","0","0","0","1000","0","10496"
"54202","0","0","0","1500","0","10211"
"54203","0","0","0","1500","0","10212"
"54204","0","10000","0","1500","0","10159"
"54205","0","1800000","0","1500","0","1719"
"54211","0","0","0","1500","0","10180"
"54212","0","0","0","1500","0","10181"
"54215","0","0","0","1500","0","10173"
"54216","0","0","0","1000","0","9850"
"54218","0","300000","0","0","0","9821"
"54219","0","0","0","1000","0","8649"
"54220","0","0","0","1500","0","8905"
"54221","0","0","0","1500","0","9833"
"54222","0","0","0","1500","0","10951"
"54223","0","0","0","1500","0","9853"
"54224","0","0","0","1500","0","9758"
"54226","0","0","0","1500","0","131"
"54227","0","0","0","1500","0","8921"
"54229","0","0","0","1500","0","10174"
"54230","0","30000","0","1500","0","10177"
"54232","0","0","0","1500","0","8924"
"54233","0","0","0","1500","0","8938"
"54236","0","0","0","1500","0","10216"
"54237","0","0","0","1500","0","710"
"54239","0","30000","0","1500","0","10225"
"54240","0","0","0","1500","0","8939"
"54241","0","8000","0","1500","0","8103"
"54242","0","0","0","1500","0","9907"
"54244","0","0","0","1000","0","8633"
"54245","0","0","0","1500","0","8929"
"54247","0","0","0","1500","0","8400"
"54248","0","4000","0","1500","0","8198"
"54249","0","10000","0","1000","0","9000"
"54250","0","0","0","1500","0","8820"
"54251","0","30000","0","1500","0","8457"
"54252","0","0","0","1500","0","8926"
"54253","0","0","0","1500","0","8289"
"54254","0","0","0","1500","0","8406"
"54255","0","0","0","1000","0","8621"
"54256","0","0","0","1000","0","9904"
"54257","0","0","0","1500","0","8927"
"54258","0","0","0","1000","0","8181"
"54259","0","6000","0","1500","0","8058"
"54260","0","0","0","1500","0","8946"
"54263","0","10000","0","1500","0","10160"
"54264","0","0","0","1500","0","8903"
"54267","0","0","0","1500","0","8928"
"54268","0","10000","0","1000","0","8998"
"54269","0","30000","0","1500","0","8124"
"54270","0","300000","0","0","0","8696"
"54271","0","0","0","1000","0","8650"
"54272","0","0","0","1000","0","8184"
"54273","0","0","0","1500","0","8401"
"54274","0","0","0","1500","0","10145"
"54275","0","0","0","1500","0","10179"
"54276","0","600000","0","1500","0","9862"
"54279","0","0","0","1000","0","8624"
"54281","0","0","0","1000","0","8992"
"54282","0","0","0","1500","0","8317"
"54283","0","4000","0","1500","0","17"
"54284","0","0","0","1500","0","10220"
"54287","0","0","0","1500","0","9839"
"54288","0","0","0","1500","0","9841"
"54289","0","0","0","1500","0","8925"
"54290","0","0","0","1000","0","8143"
"54292","0","0","0","1500","0","10219"
"54294","0","0","0","1000","0","9849"
"54295","0","0","0","1500","0","8288"
"54297","0","0","0","1000","0","8227"
"54299","0","0","0","1000","0","8724"
"54300","0","0","0","1500","0","10215"
"54301","0","0","0","1500","0","9852"
"54302","0","0","0","1000","0","8154"
"54303","0","0","0","1000","0","9823"
"54304","0","0","0","1000","0","9827"
"54305","0","0","0","1500","0","8316"
"54306","0","0","0","1500","0","9910"
"54307","0","0","0","1500","0","9912"
"54309","0","0","0","1500","0","8494"
"54311","0","0","0","1000","0","8249"
"54312","0","8000","0","1500","0","8092"
"54315","0","0","0","1000","0","10462"
"54317","0","0","0","1500","0","10396"
"54319","0","0","0","1500","0","10892"
"54320","0","8000","0","1500","0","10199"
"54321","0","0","0","1000","0","9866"
"54322","0","0","0","1500","0","10192"
"54323","0","0","0","1500","0","9898"
"54324","0","0","0","1500","0","9901"
"54325","0","30000","0","1500","0","10797"
"54327","0","0","0","1000","0","10585"
"54328","0","0","0","1000","0","10587"
"54329","0","4000","0","1500","0","10898"
"54330","0","0","0","1500","0","10324"
"54332","0","4000","0","1500","0","10900"
"54333","0","0","0","1500","0","10191"
"54334","0","0","0","1500","0","9875"
"54335","0","0","0","1000","0","11273"
"54336","0","0","0","1000","0","9867"
"54337","0","0","0","1000","0","11275"
"54338","0","0","0","1500","0","10957"
"54339","0","30000","0","1500","0","11113"
"54340","0","0","0","1500","0","10193"
"54344","0","60000","0","1500","0","10308"
"54345","0","0","0","1500","0","10322"
"54346","0","0","0","1500","0","8950"
"54348","0","30000","0","1000","0","10427"
"54349","0","6000","0","1500","0","10412"
"54350","0","0","0","1500","0","10201"
"54351","0","0","0","1000","0","11274"
"54352","0","0","0","1500","0","10911"
"54353","0","30000","0","1500","0","10223"
"54354","0","60000","0","1500","0","10318"
"54355","0","0","0","1500","0","10202"
"54356","0","0","0","1500","0","10432"
"54357","0","8000","0","1500","0","10197"
"54360","0","0","0","1500","0","8907"
"54361","0","0","0","1500","0","10301"
"54362","0","0","0","1500","0","10149"
"54366","0","600000","0","1500","0","9863"
"54368","0","0","0","1500","0","10150"
"54369","0","0","0","1000","0","10600"
"54371","0","0","0","1500","0","10958"
"54372","0","0","0","1500","0","10431"
"54373","0","0","0","1000","0","10406"
"54375","0","120000","0","1500","0","694"
"54376","0","0","0","1500","0","10399"
"54377","0","6000","0","1500","0","10473"
"54378","0","0","0","1000","0","10478"
"54379","0","0","0","1500","0","10292"
"54380","0","0","0","1500","0","10293"
"54382","0","0","0","1000","0","9894"
"54384","0","0","0","1500","0","8910"
"54385","0","0","0","1500","0","8940"
"54386","0","0","0","1500","0","8941"
"54387","0","0","0","1500","0","10300"
"54388","0","0","0","1500","0","10156"
"54389","0","4000","0","1500","0","10899"
"54392","0","0","0","1500","0","10148"
"54393","0","0","0","1000","0","9896"
"54394","0","0","0","1000","0","10538"
"54395","0","0","0","1000","0","10479"
"54396","0","10000","0","1500","0","120"
"54397","0","0","0","1500","0","8402"
"54398","0","0","0","1500","0","9840"
"54399","0","0","0","1000","0","8166"
"54400","0","0","0","1500","0","10963"
"54401","0","0","0","1500","0","10964"
"54404","0","0","0","1500","0","9908"
"54406","0","0","0","1500","0","10170"
"54408","0","6000","0","1500","0","10413"
"54410","0","0","0","1500","0","10139"
"54415","0","0","0","1000","0","9830"
"54416","0","0","0","1500","0","9884"
"54417","0","0","0","1500","0","10140"
"54418","0","0","0","1500","0","10965"
"54419","0","0","0","1500","0","9035"
"54421","0","0","0","1000","0","10442"
"54422","0","0","0","1000","0","8721"
"54423","0","0","0","1500","0","9472"
"54424","0","0","0","1500","0","9473"
"54425","0","0","0","1500","0","9474"
"54429","0","0","0","1500","0","10622"
"54430","0","0","0","1500","0","9834"
"54433","0","0","0","1500","0","10138"
"54435","0","0","0","1000","0","9829"
"54436","0","0","0","1500","0","10206"
"54437","0","0","0","1500","0","10328"
"54438","0","0","0","1500","0","10961"
"54439","0","0","0","1500","0","10169"
"54440","0","0","0","1500","0","10391"
"54441","0","0","0","1500","0","10392"
"54442","0","0","0","1500","0","10207"
"54443","0","0","0","1500","0","9876"
"54445","0","6000","0","1500","0","10447"
"54446","0","300000","0","1500","0","10278"
"54448","0","30000","0","1500","0","9579"
"54449","0","4000","0","1500","0","10901"
"54450","0","0","60000","1500","0","10059"
"54451","0","0","180000","0","0","10060"
"54452","0","0","0","1500","0","9858"
"54454","0","0","0","1500","0","705"
"54455","0","0","0","1500","0","9754"
"54456","0","0","0","1500","0","10952"
"54457","0","15000","0","1500","0","10312"
"54459","0","15000","0","1500","0","10313"
"54460","0","15000","0","1500","0","10314"
"54463","0","0","0","1500","0","10456"
"54466","0","3600000","0","1500","0","10310"
"54468","0","0","0","1500","0","10157"
"54469","0","0","0","1000","0","9005"
"54470","0","0","0","1500","0","9885"
"54472","0","0","0","1500","0","10395"
"54474","0","0","0","1500","0","10144"
"54475","0","0","0","1500","0","10329"
"54476","0","25000","0","1500","0","10230"
"54479","0","0","0","1500","0","11730"
"54480","0","6000","0","1500","0","10414"
"54482","0","0","0","1500","0","11604"
"54483","0","0","0","1000","0","10613"
"54484","0","15000","0","1000","0","11315"
"54485","0","30000","0","1500","0","11426"
"54486","0","0","0","1500","0","12523"
"54488","0","0","0","1500","0","11366"
"54490","0","0","0","1500","0","10953"
"54491","0","0","0","1000","0","10526"
"54492","0","0","0","1000","0","10614"
"54494","0","0","0","1000","0","11762"
"54495","0","0","0","1000","0","11763"
"54498","0","0","0","1500","0","11605"
"54499","0","0","0","1500","0","11549"
"54502","0","8000","0","1500","0","10946"
"54504","0","4000","0","1500","0","11581"
"54506","0","0","0","1500","0","11596"
"54508","0","30000","0","1500","0","10941"
"54509","0","15000","0","1000","0","11314"
"54511","0","0","0","1500","0","11684"
"54512","0","0","0","1000","0","11198"
"54513","0","0","0","1500","0","10938"
"54515","0","0","0","1500","0","10205"
"54516","0","30000","0","1500","0","10942"
"54517","0","10000","0","1000","0","11303"
"54518","0","300000","0","0","0","11305"
"54519","0","6000","0","1500","0","10472"
"54520","0","5000","0","1500","0","11585"
"54523","0","0","0","1500","0","11597"
"54529","0","0","0","1000","0","11279"
"54530","0","15000","0","0","0","11578"
"54531","0","0","180000","0","0","11129"
"54532","0","0","0","1000","0","11280"
"54534","0","6000","0","1500","0","10605"
"54536","0","0","0","1000","0","10497"
"54537","0","10000","0","1000","0","9892"
"54538","0","6000","0","1500","0","10448"
"54542","0","0","0","1500","0","10927"
"54543","0","0","0","1500","0","10486"
"54546","0","0","0","1500","0","10928"
"54548","0","0","0","1500","0","10894"
"54550","0","5000","0","1500","0","7811"
"54554","0","0","0","1500","0","10291"
"54555","0","0","0","1000","0","10595"
"54556","0","0","0","1500","0","10874"
"54557","0","0","0","1500","0","10875"
"54558","0","0","0","1000","0","10438"
"54559","0","30000","0","1000","0","10428"
"54560","0","0","0","1000","0","10437"
"54563","0","30000","0","1500","0","11739"
"54566","0","0","0","1000","0","10495"
"54567","0","0","0","1500","0","10912"
"54569","0","0","0","1500","0","10909"
"54570","0","0","0","1000","0","10463"
"54571","0","0","0","1500","0","11733"
"54572","0","0","0","1000","0","10627"
"54573","0","0","0","1500","0","10881"
"54574","0","0","0","1500","0","10467"
"54575","0","0","0","1500","0","10955"
"54576","0","0","0","1000","0","11300"
"54577","0","0","0","1500","0","10468"
"54578","0","0","0","1000","0","10407"
"54579","0","30000","0","1500","0","10888"
"54580","0","8000","0","1500","0","10947"
"54582","0","0","60000","1500","0","11417"
"54583","0","30000","0","1500","0","10326"
"54587","0","0","0","1500","0","10623"
"54590","0","0","0","1000","0","10586"
"54591","0","0","0","1500","0","10466"
"54592","0","0","0","1500","0","702"
"54594","0","0","0","1000","0","10408"
"54595","0","0","0","1500","0","10929"
"54596","0","0","0","1500","0","10915"
"54597","0","0","0","1500","0","10916"
"54598","0","0","60000","1500","0","11418"
"54599","0","0","60000","1500","0","11419"
"54601","0","0","0","1500","0","10933"
"54602","0","0","0","1500","0","10917"
"54605","0","0","0","1500","0","10290"
"54606","0","0","0","1500","0","10880"
"54607","0","0","0","1000","0","10537"
"54609","0","0","0","1000","0","10601"
"54611","0","0","180000","0","0","12472"
"54612","0","0","0","1500","0","10876"
"54613","0","0","0","1500","0","10934"
"54614","0","30000","0","1500","0","10890"
"54615","0","0","0","1500","0","10893"
"54616","0","0","0","1000","0","11299"
"54617","0","0","0","1500","0","10960"
"54618","0","0","0","1500","0","11712"
"54620","0","6000","0","1500","0","12294"
"54621","0","0","0","1500","0","11711"
"54624","0","0","0","1500","0","11703"
"54627","0","0","0","1500","0","10937"
"54630","0","0","0","1500","0","11725"
"54631","0","0","0","1500","0","10298"
"54632","0","0","0","1500","0","10299"
"54634","0","0","0","1500","0","11729"
"54635","0","4000","0","1500","0","11580"
"54637","0","0","0","1500","0","11551"
"54639","0","8000","0","1500","0","10945"
"54640","0","0","0","1500","0","12323"
"54641","0","0","0","1500","0","11671"
"54643","0","12000","0","1500","0","11778"
"54644","0","0","0","1500","0","11678"
"54647","0","0","0","1500","0","11550"
"54651","0","0","180000","1500","0","12292"
"54652","0","0","0","1500","0","11683"
"54653","0","0","0","1500","0","11713"
"54654","0","5000","0","1500","0","11600"
"54657","0","0","0","1500","0","12524"
"54659","0","0","0","1500","0","11573"
"54660","0","0","0","1500","0","11574"
"54661","0","0","0","1500","0","11708"
"54663","0","5000","0","1500","0","11601"
"54665","0","30000","0","1500","0","11740"
"54666","0","0","0","1500","0","11734"
"54667","0","0","0","1500","0","11735"
"54668","0","0","0","1500","0","11665"
"54670","0","0","0","1500","0","12522"
"54671","0","0","0","1500","0","11555"
"54672","0","0","0","1000","0","11289"
"54674","0","0","0","1500","0","11770"
"54676","0","0","0","1000","0","11294"
"54677","0","4000","0","1500","0","11785"
"54678","0","0","0","1500","0","11660"
"54679","0","0","0","1000","0","11290"
"54680","0","0","0","1500","0","11572"
"54681","0","0","480000","1500","0","12051"
"54682","0","0","0","1500","0","11661"
"54683","0","0","0","1500","0","11667"
"54684","0","0","0","1500","0","11668"
"54686","0","5000","0","1500","0","11584"
"54687","0","0","60000","1500","0","11416"
"54688","0","5000","0","1500","0","11775"
"54689","0","0","0","1500","0","11659"
"54690","0","0","0","1500","0","11672"
"54691","0","0","0","1500","0","11694"
"54692","0","0","0","1500","0","11695"
"54693","0","0","0","1500","0","11677"
"54694","0","0","0","1500","0","11726"
"54696","0","0","0","1500","0","11693"
"54697","0","0","0","1500","0","11554"
"54698","0","0","0","1500","0","12505"
"54699","0","0","0","1500","0","11688"
"54700","0","0","0","1500","0","11689"
"54701","0","4000","0","1500","0","11784"
"54702","0","0","0","1500","0","11771"
"54703","0","0","0","1500","0","13159"
"54704","0","0","0","1000","0","11268"
"54705","0","0","0","1500","0","11704"
"54707","0","0","0","1500","0","12525"
"54708","0","0","0","1500","0","12526"
"54709","0","0","0","1000","0","11197"
"54710","0","0","0","1000","0","11293"
"54711","0","0","0","1500","0","11687"
"54712","0","0","0","1500","0","11721"
"54714","0","12000","0","1500","0","11780"
"54717","0","0","0","1500","0","11675"
"54718","0","0","0","1500","0","11717"
"54719","0","5000","0","1500","0","11774"
"54721","0","1500","180000","0","0","12043"
"54722","0","0","0","1500","0","11556"
"54724","0","0","0","1000","0","11269"
"54725","0","0","0","1500","0","11722"
"54726","0","0","0","1500","0","11707"
"54728","0","0","0","1500","0","13553"
"54729","0","30000","0","1500","0","13032"
"54730","0","30000","0","1500","0","13033"
"54733","0","0","30000","0","0","12328"
"54734","0","0","45000","0","0","12809"
"54739","0","30000","0","1500","0","13019"
"54741","0","0","0","1500","0","11719"
"54742","0","0","60000","1500","0","11420"
"54744","0","0","0","1000","0","11281"
"54745","0","8000","0","1500","0","15631"
"54746","0","180000","0","1500","0","13896"
"54748","0","0","0","1500","0","14267"
"54749","0","0","0","1000","0","11267"
"54752","0","8000","0","1500","0","15629"
"54754","0","10000","0","1500","0","14290"
"54757","0","5000","0","1500","0","14269"
"54758","0","5000","0","1500","0","14270"
"54759","0","5000","0","1500","0","14271"
"54760","0","0","0","1500","0","13165"
"54761","0","10000","0","1500","0","10161"
"54764","0","6000","0","0","0","14261"
"54767","0","0","0","1500","0","12826"
"54768","0","0","0","1500","0","12824"
"54770","0","10000","0","1000","0","11286"
"54772","0","10000","0","1000","0","11285"
"54773","0","12000","0","1500","0","11779"
"54774","0","0","0","1500","0","11699"
"54777","0","0","0","1000","0","11297"
"54781","0","0","0","1500","0","14268"
"54782","0","8000","0","1500","0","15630"
"54783","0","0","0","1500","0","13555"
"54784","0","0","180000","1500","0","26064"
"54785","0","0","0","1500","0","13161"
"54786","0","0","0","1500","0","13163"
"54787","0","8000","0","1500","0","15632"
"54790","0","30000","0","1500","0","13018"
"54792","0","0","0","1500","0","11700"
"54793","0","30000","0","1500","0","13020"
"54794","0","30000","0","1500","0","13021"
"54795","0","0","0","1500","0","13552"
"54802","0","30000","0","1500","0","13031"
"54806","0","30000","0","1500","0","28609"
"54807","0","6000","0","1500","0","14284"
"54810","0","5000","0","1500","0","14272"
"54812","0","0","0","1500","0","13543"
"54814","0","15000","0","1500","0","14279"
"54815","0","30000","0","1500","0","13809"
"54816","0","6000","0","1500","0","14285"
"54817","0","15000","0","1500","0","14280"
"54818","0","0","20000","1000","0","14278"
"54820","0","6000","0","1500","0","14286"
"54821","0","0","0","1500","0","13819"
"54823","0","0","0","1500","0","14325"
"54827","0","0","0","1500","0","15261"
"54829","0","0","300000","1000","0","13750"
"54830","0","0","0","1500","0","15264"
"54831","0","30000","0","1500","0","14316"
"54832","0","5000","0","0","0","14921"
"54834","0","6000","0","1500","0","14287"
"54835","0","10000","0","1500","0","14288"
"54836","0","10000","0","1500","0","14289"
"54837","0","0","0","1500","0","15207"
"54838","0","30000","0","1500","0","14326"
"54839","0","0","0","1500","0","15263"
"54840","0","30000","0","1500","0","14327"
"54848","0","0","0","1500","0","13544"
"54849","0","30000","0","1500","0","13813"
"54851","0","6000","0","0","0","14260"
"54852","0","5000","0","1500","0","14273"
"54853","0","8000","0","1500","0","14274"
"54855","0","30000","0","1500","0","13795"
"54856","0","5000","0","0","0","14919"
"54857","0","6000","0","1500","0","14281"
"54859","0","0","0","1000","0","15107"
"54860","0","30000","0","1500","0","14310"
"54861","0","0","480000","0","0","12975"
"54864","0","4000","0","1500","0","592"
"54865","0","600000","0","1500","0","13908"
"54869","0","30000","0","1500","0","14303"
"54871","0","60000","0","1500","0","14294"
"54872","0","30000","0","1500","0","14311"
"54875","0","0","0","1500","0","118"
"54876","0","30000","0","1500","0","14304"
"54881","0","0","0","1500","0","13554"
"54882","0","0","0","1500","0","12825"
"54885","0","0","0","1500","0","13542"
"54886","0","30000","0","1500","0","14305"
"54887","0","6000","0","0","0","14264"
"54888","0","6000","0","0","0","14265"
"54889","0","6000","0","0","0","14266"
"54890","0","30000","0","1500","0","14302"
"54892","0","0","0","1500","0","13551"
"54893","0","0","0","1500","0","13549"
"54894","0","0","0","1500","0","13550"
"54895","0","6000","0","0","0","14262"
"54896","0","6000","0","0","0","14263"
"54899","0","0","0","1500","0","14818"
"54900","0","0","0","1500","0","14819"
"54901","0","0","0","1500","0","14323"
"54904","0","0","0","1500","0","18809"
"54909","0","0","120000","0","0","14183"
"54910","0","0","120000","1000","0","13877"
"54911","0","0","0","1500","0","15208"
"54913","0","0","0","1500","0","28612"
"54915","0","0","600000","1000","0","14185"
"54916","0","0","0","1000","0","15112"
"54919","0","0","0","1500","0","15237"
"54921","0","0","0","1500","0","14318"
"54922","0","0","0","1500","0","14319"
"54924","0","0","0","1000","0","15111"
"54928","0","0","0","1500","0","14324"
"54929","0","6000","0","1500","0","14282"
"54934","0","0","180000","0","0","14177"
"54935","0","0","0","1500","0","15265"
"54937","0","6000","0","1500","0","14283"
"54939","0","0","0","1500","0","14322"
"54941","0","30000","0","1500","0","28610"
"54943","0","0","0","1500","0","14320"
"54945","0","0","6000","1000","0","14251"
"54947","0","5000","0","1500","0","7810"
"54950","0","30000","0","1500","0","14317"
"54951","0","0","180000","0","0","14751"
"54962","0","0","0","1500","0","14296"
"54967","0","5000","0","0","0","14916"
"54970","0","0","0","1500","0","15266"
"54971","0","0","0","1500","0","15267"
"54973","0","0","0","1500","0","14321"
"54975","0","5000","0","1500","0","7809"
"54981","0","60000","0","1500","0","14295"
"54987","0","12000","0","1500","0","7814"
"54988","0","12000","0","1500","0","7815"
"54991","0","1500","0","1500","0","15473"
"54998","0","0","0","1500","0","15431"
"55000","0","0","0","1500","0","14752"
"55003","0","0","45000","1500","0","15487"
"55010","0","10000","0","1000","0","1966"
"55015","0","0","0","1500","0","15262"
"55017","0","0","0","1500","0","17311"
"55021","0","4000","0","1500","0","7813"
"55030","0","8000","0","1500","0","8102"
"55031","0","0","0","1500","0","8445"
"55032","0","0","0","1500","0","16315"
"55036","0","60000","0","1500","0","16689"
"55037","0","0","0","1000","0","17348"
"55041","0","0","0","1000","0","16511"
"55042","0","0","0","1500","0","17850"
"55043","0","0","0","1500","0","16314"
"55044","0","5000","0","1500","0","16697"
"55050","0","0","0","1500","0","17728"
"55052","0","0","0","1500","0","16316"
"55054","0","0","180000","0","0","16188"
"55056","0","300000","0","1000","0","16190"
"55060","0","0","0","1500","0","16341"
"55068","0","0","0","1500","0","16356"
"55070","0","0","0","1500","0","16362"
"55073","0","0","0","1500","0","15407"
"55074","0","0","0","1500","0","16342"
"55081","0","0","0","1500","0","15430"
"55083","0","10000","0","1500","0","17261"
"55084","0","0","0","1500","0","20218"
"55086","0","60000","0","1500","0","16813"
"55087","0","0","0","1500","0","16832"
"55088","0","10000","0","1500","0","17258"
"55089","0","120000","0","1500","0","17751"
"55093","0","60000","0","1500","0","16812"
"55095","0","120000","0","1500","0","17750"
"55096","0","0","0","1000","0","17347"
"55098","0","0","0","1500","0","16827"
"55107","0","0","0","1500","0","17767"
"55108","0","15000","0","1500","0","18869"
"55111","0","15000","0","1500","0","18870"
"55117","0","0","15000","0","0","16979"
"55127","0","0","10000","1500","0","15286"
"55128","0","6000","0","1000","0","17390"
"55129","0","0","180000","0","0","16166"
"55132","0","0","0","1500","0","16829"
"55133","0","0","0","1500","0","17853"
"55139","0","6000","0","1000","0","17392"
"55141","0","0","0","1000","0","16387"
"55148","0","0","0","1500","0","16339"
"55158","0","0","0","1500","0","16830"
"55159","0","0","0","1500","0","16831"
"55160","0","0","0","1500","0","17854"
"55163","0","10000","0","1500","0","17260"
"55167","0","0","0","1500","0","17314"
"55168","0","60000","0","1500","0","16914"
"55169","0","0","0","1500","0","16355"
"55171","0","0","0","1500","0","17951"
"55177","0","0","0","1500","0","17852"
"55179","0","60000","0","1500","0","17402"
"55180","0","60000","0","1500","0","17401"
"55181","0","0","0","1500","0","17851"
"55183","0","0","0","1500","0","17921"
"55184","0","0","0","1500","0","17922"
"55185","0","0","0","1500","0","17923"
"55186","0","0","0","1500","0","18220"
"55189","0","10000","0","1500","0","17256"
"55190","0","10000","0","1500","0","17257"
"55191","0","10000","0","1500","0","17259"
"55194","0","0","0","1500","0","18137"
"55196","0","180000","0","1500","0","19276"
"55199","0","10000","0","1500","0","17253"
"55202","0","15000","0","1500","0","18867"
"55203","0","15000","0","1500","0","18868"
"55209","0","0","0","1500","0","17953"
"55212","0","15000","0","1500","0","17877"
"55213","0","6000","0","1000","0","17391"
"55222","0","0","0","1500","0","18223"
"55227","0","0","0","1500","0","16864"
"55229","0","120000","0","1500","0","17752"
"55230","0","0","0","1500","0","17727"
"55231","0","0","0","1500","0","17313"
"55233","0","0","180000","0","0","17116"
"55234","0","10000","0","1500","0","17255"
"55236","0","0","60000","1500","0","26187"
"55237","0","0","0","1500","0","16828"
"55239","0","0","0","1500","0","17312"
"55240","0","60000","0","1500","0","17329"
"55241","0","0","10000","1500","0","17364"
"55249","0","120000","0","1500","0","17925"
"55250","0","6000","0","1000","0","16857"
"55253","0","0","0","1500","0","17919"
"55254","0","0","0","1500","0","17920"
"55256","0","60000","0","1500","0","16811"
"55258","0","60000","0","1500","0","16810"
"55261","0","600000","0","1500","0","19236"
"55262","0","600000","0","1500","0","19238"
"55264","0","600000","0","1500","0","19240"
"55265","0","0","900000","0","0","18708"
"55266","0","30000","0","1500","0","19304"
"55267","0","30000","0","1500","0","19305"
"55272","0","180000","0","1500","0","19275"
"55276","0","0","0","1500","0","21082"
"55284","0","10000","0","1500","0","17962"
"55286","0","0","20000","1500","0","19801"
"55287","0","120000","0","1500","0","19386"
"55289","0","180000","0","1500","0","19273"
"55290","0","600000","0","1500","0","19241"
"55291","0","0","0","1500","0","18265"
"55294","0","0","180000","0","0","18288"
"55298","0","0","30000","1500","0","18499"
"55300","0","600000","0","1500","0","19242"
"55301","0","0","0","1500","0","18879"
"55302","0","0","10000","0","0","20271"
"55303","0","0","0","1500","0","19265"
"55304","0","0","3600000","1500","0","18540"
"55306","0","0","0","1500","0","19266"
"55307","0","1200000","0","1500","0","20742"
"55310","0","600000","0","1500","0","19243"
"55313","0","0","0","1500","0","17952"
"55314","0","6000","0","1500","0","23923"
"55317","0","0","0","1500","0","19262"
"55318","0","0","300000","0","0","19263"
"55319","0","180000","0","1500","0","19277"
"55320","0","180000","0","1500","0","19278"
"55321","0","0","0","1500","0","18657"
"55322","0","0","0","1500","0","18658"
"55323","0","40000","0","1500","0","17928"
"55331","0","0","0","1500","0","20662"
"55333","0","0","0","1500","0","18880"
"55334","0","0","0","1500","0","19941"
"55335","0","0","0","1500","0","19942"
"55336","0","0","0","1500","0","19943"
"55338","0","24000","0","1500","0","19244"
"55340","0","0","0","1500","0","19900"
"55342","0","180000","0","1500","0","19279"
"55343","0","0","0","1500","0","19837"
"55344","0","180000","0","1500","0","19280"
"55346","0","0","0","1500","0","19882"
"55347","0","0","0","1500","0","19884"
"55348","0","15000","0","1500","0","18871"
"55352","0","0","0","1500","0","19977"
"55354","0","25000","0","1500","0","26177"
"55357","0","0","0","1500","0","19895"
"55358","0","60000","0","1500","0","17924"
"55359","0","120000","0","1500","0","17926"
"55360","0","0","0","1500","0","19285"
"55361","0","0","0","1500","0","19838"
"55364","0","0","0","1500","0","19740"
"55370","0","0","0","1500","0","19660"
"55373","0","180000","0","1500","0","19271"
"55375","0","0","0","1500","0","19750"
"55376","0","5000","0","1500","0","19306"
"55377","0","6000","0","1500","0","19434"
"55381","0","0","0","1500","0","18647"
"55385","0","0","0","1500","0","19854"
"55386","0","0","0","1500","0","19979"
"55389","0","30000","0","1500","0","19299"
"55390","0","120000","0","1500","0","17735"
"55391","0","25000","0","1500","0","26178"
"55392","0","10000","0","1500","0","18931"
"55393","0","0","0","1500","0","18881"
"55396","0","0","120000","0","0","20216"
"55397","0","0","0","1500","0","20217"
"55398","0","10000","0","1500","0","18932"
"55399","0","10000","0","1500","0","18930"
"55400","0","180000","0","1500","0","19274"
"55401","0","0","0","1500","0","19308"
"55402","0","30000","0","1500","0","19303"
"55403","0","0","0","1500","0","18937"
"55404","0","0","0","1500","0","19264"
"55405","0","0","0","1500","0","19028"
"55406","0","0","0","1500","0","18960"
"55407","0","0","30000","1500","0","19503"
"55408","0","0","3600000","1500","0","19752"
"55409","0","0","0","1500","0","19261"
"55410","0","0","0","1500","0","19282"
"55411","0","0","0","1500","0","18807"
"55412","0","0","15000","1500","0","18562"
"55413","0","30000","0","1500","0","19302"
"55415","0","0","0","1500","0","20375"
"55416","0","0","0","1500","0","20291"
"55417","0","0","0","1500","0","20752"
"55419","0","0","60000","1500","0","19577"
"55421","0","0","0","1500","0","19939"
"55422","0","0","0","1500","0","19940"
"55423","0","0","0","1500","0","20292"
"55424","0","0","0","1500","0","20166"
"55425","0","0","0","1500","0","19898"
"55426","0","0","0","1500","0","20770"
"55427","0","0","0","1500","0","20772"
"55428","0","8000","0","1500","0","19505"
"55431","0","8000","0","1500","0","19734"
"55432","0","0","0","1500","0","19883"
"55433","0","0","0","1500","0","19885"
"55435","0","3600000","0","0","0","20608"
"55436","0","0","0","1500","0","19281"
"55437","0","0","0","1500","0","19655"
"55438","0","0","60000","1500","0","20066"
"55439","0","0","0","1500","0","19656"
"55443","0","0","0","1500","0","19852"
"55444","0","0","0","1500","0","20154"
"55445","0","0","0","1500","0","20609"
"55446","0","0","0","1500","0","19897"
"55447","0","0","0","1500","0","20305"
"55448","0","0","120000","0","0","19574"
"55450","0","0","0","1500","0","19853"
"55453","0","0","0","1500","0","20043"
"55454","0","0","0","1500","0","19746"
"55455","0","0","0","1500","0","19876"
"55458","0","0","0","1500","0","19478"
"55459","0","0","0","1500","0","19896"
"55460","0","0","0","1500","0","19899"
"55463","0","0","0","1500","0","19978"
"55464","0","8000","0","1500","0","19736"
"55466","0","0","0","1500","0","20165"
"55468","0","24000","0","1500","0","19647"
"55469","0","0","0","1500","0","19506"
"55472","0","0","0","1500","0","19836"
"55473","0","8000","0","1500","0","19731"
"55474","0","0","0","1500","0","19312"
"55475","0","0","0","1500","0","19309"
"55481","0","0","0","1500","0","19283"
"55482","0","0","0","1500","0","19284"
"55486","0","0","0","1500","0","19891"
"55490","0","0","0","1500","0","19311"
"55491","0","0","0","1500","0","19310"
"55494","0","30000","0","1500","0","19296"
"55495","0","0","0","1500","0","19850"
"55496","0","0","0","1500","0","20164"
"55498","0","0","0","1500","0","18938"
"55502","0","0","0","1500","0","19834"
"55503","0","0","0","1500","0","19835"
"55506","0","0","0","1500","0","19742"
"55507","0","10000","0","1500","0","20928"
"55508","0","0","0","1500","0","21562"
"55510","0","0","0","1500","0","20906"
"55511","0","0","0","1500","0","21084"
"55515","0","6000","0","1500","0","21553"
"55516","0","0","0","1500","0","20776"
"55518","0","0","0","1500","0","20777"
"55519","0","6000","0","1500","0","20900"
"55520","0","6000","0","1500","0","20902"
"55521","0","6000","0","1500","0","20904"
"55522","0","0","0","1500","0","19878"
"55524","0","0","0","1500","0","20920"
"55525","0","8000","0","1500","0","20923"
"55528","0","0","0","1500","0","19879"
"55529","0","0","0","1500","0","20356"
"55530","0","0","0","1500","0","20913"
"55531","0","3600000","0","0","0","21169"
"55533","0","0","0","1500","0","20348"
"55537","0","0","0","1500","0","20914"
"55539","0","0","0","1500","0","20918"
"55541","0","30000","0","0","0","20252"
"55546","0","0","0","1500","0","20915"
"55547","0","0","0","1500","0","20307"
"55548","0","0","0","1500","0","20610"
"55549","0","0","0","1500","0","20290"
"55550","0","0","0","1500","0","20349"
"55552","0","0","0","1500","0","20162"
"55554","0","0","0","1500","0","19888"
"55555","0","0","0","1500","0","20347"
"55559","0","0","0","1500","0","19880"
"55560","0","0","0","1500","0","20243"
"55563","0","0","0","1500","0","20306"
"55565","0","0","0","1500","0","20190"
"55568","0","0","0","1500","0","20308"
"55569","0","0","0","1500","0","20773"
"55570","0","8000","0","1500","0","20116"
"55572","0","0","0","1500","0","21564"
"55575","0","30000","0","0","0","20616"
"55576","0","30000","0","0","0","20617"
"55578","0","1200000","0","1500","0","20484"
"55580","0","0","0","1500","0","21850"
"55582","0","8000","0","1500","0","20736"
"55583","0","0","0","1500","0","20289"
"55584","0","8000","0","1500","0","20922"
"55594","0","0","0","1500","0","20287"
"55595","0","0","0","1500","0","20905"
"55596","0","30000","0","1500","0","20729"
"55597","0","180000","0","1500","0","22895"
"55601","0","1200000","0","1500","0","20739"
"55602","0","0","0","1500","0","20660"
"55604","0","0","0","1500","0","20756"
"55606","0","0","0","1500","0","20919"
"55608","0","15000","0","1500","0","20473"
"55610","0","0","0","1500","0","20357"
"55611","0","0","0","1500","0","20288"
"55615","0","0","0","1500","0","20293"
"55616","0","8000","0","1500","0","20924"
"55618","0","5000","0","1500","0","20910"
"55619","0","0","0","1500","0","20911"
"55622","0","0","0","1500","0","20658"
"55623","0","0","0","1500","0","20661"
"55627","0","6000","0","1500","0","21551"
"55630","0","6000","0","1500","0","21552"
"55631","0","15000","0","1500","0","20930"
"55632","0","10000","0","1500","0","20925"
"55639","0","1800000","0","1500","0","20230"
"55640","0","0","0","1500","0","20755"
"55642","0","0","0","1500","0","20757"
"55643","0","1200000","0","1500","0","20747"
"55646","0","120000","0","1500","0","20559"
"55660","0","120000","0","1500","0","20560"
"55664","0","30000","0","1500","0","23148"
"55666","0","1200000","0","1500","0","20748"
"55674","0","0","0","1500","0","20912"
"55675","0","0","0","1000","0","22827"
"55679","0","0","0","1500","0","22782"
"55682","0","10000","0","1500","0","20927"
"55683","0","15000","0","1500","0","20929"
"55684","0","30000","0","1500","0","23147"
"55686","0","180000","0","1500","0","22896"
"55687","0","0","0","1500","0","21849"
"55688","0","5000","0","1500","0","20909"
"55692","0","6000","0","1500","0","20901"
"55695","0","6000","0","1500","0","20903"
"55698","0","10000","0","1500","0","24603"
"55700","0","10000","0","1000","0","22570"
"55702","0","0","0","1500","0","22783"
"55703","0","0","0","1000","0","22828"
"55709","0","120000","0","1500","0","24133"
"55711","0","0","0","1000","0","22829"
"55715","0","0","300000","1000","0","23989"
"55721","0","30000","0","1500","0","23145"
"55724","0","6000","0","500","0","24239"
"55725","0","0","0","1500","0","23161"
"55736","0","120000","0","1500","0","24132"
"55738","0","30000","0","1500","0","23099"
"55740","0","0","0","1500","0","23214"
"55742","0","0","0","1500","0","23028"
"55743","0","180000","0","1500","0","22842"
"55745","0","0","0","1000","0","22568"
"55752","0","0","60000","1500","0","22812"
"55763","0","6000","0","1500","0","23881"
"55771","0","10000","0","0","0","24450"
"55772","0","0","0","1000","0","25300"
"55773","0","10000","0","1000","0","25302"
"55779","0","10000","0","0","0","24453"
"55783","0","0","0","1500","0","24858"
"55784","0","0","0","1500","0","24423"
"55791","0","6000","0","1500","0","23893"
"55792","0","6000","0","1500","0","23894"
"55803","0","6000","0","1500","0","23892"
"55819","0","30000","0","1500","0","23109"
"55821","0","30000","0","1500","0","23110"
"55824","0","0","0","1500","0","25345"
"55825","0","0","0","1000","0","25359"
"55826","0","5000","0","1500","0","25288"
"55828","0","0","0","1500","0","24974"
"55829","0","10000","0","1500","0","24605"
"55830","0","0","0","1500","0","25306"
"55831","0","0","0","1500","0","25307"
"55832","0","0","0","1500","0","25309"
"55833","0","0","0","1500","0","25314"
"55834","0","0","0","1500","0","25357"
"55835","0","0","0","1000","0","25361"
"55836","0","0","0","1500","0","25297"
"55837","0","6000","0","1500","0","23922"
"55839","0","6000","0","1500","0","23924"
"55840","0","6000","0","1500","0","23925"
"55844","0","0","0","1500","0","27681"
"55851","0","6000","0","500","0","24275"
"55852","0","4000","0","1500","0","24587"
"55853","0","0","0","1500","0","25315"
"55854","0","4000","0","1500","0","24586"
"55855","0","0","0","1500","0","24577"
"55856","0","4000","0","1500","0","24640"
"55857","0","0","0","1500","0","25316"
"55858","0","0","0","1500","0","24844"
"55861","0","0","0","1500","0","24578"
"55862","0","0","0","1500","0","24579"
"55864","0","4000","0","1500","0","24583"
"55865","0","0","0","1500","0","24530"
"55866","0","10000","0","1500","0","24597"
"55867","0","0","0","1500","0","25299"
"55869","0","0","0","1500","0","25304"
"55870","0","10000","0","1500","0","24604"
"55871","0","0","0","1000","0","24248"
"55872","0","6000","0","500","0","24274"
"55874","0","10000","0","0","0","24452"
"55877","0","0","0","1500","0","25289"
"55879","0","0","0","1500","0","25290"
"55880","0","0","0","1500","0","25291"
"55882","0","0","0","1500","0","25295"
"55884","0","0","0","1500","0","25916"
"55885","0","0","0","1500","0","25918"
"55889","0","0","60000","1500","0","26090"
"55892","0","0","0","1500","0","25011"
"55896","0","0","0","1500","0","25008"
"55897","0","0","0","1500","0","25010"
"55898","0","25000","0","1500","0","26201"
"55902","0","0","0","1500","0","25898"
"55908","0","10000","0","1500","0","25294"
"55910","0","0","0","1000","0","25908"
"55913","0","0","0","1500","0","25292"
"55914","0","0","0","1500","0","25296"
"55915","0","0","0","1500","0","25298"
"55917","0","0","0","1500","0","25311"
"55924","0","0","0","1500","0","25009"
"55930","0","0","0","1500","0","25895"
"55931","0","0","0","1500","0","24975"
"55933","0","25000","0","1500","0","26179"
"55934","0","0","0","1500","0","25782"
"55935","0","0","0","1500","0","25012"
"55936","0","0","60000","1500","0","26188"
"55953","0","0","0","1500","0","27683"
"55966","0","0","0","1500","0","24976"
"55967","0","0","0","1500","0","24977"
"55972","0","0","0","1500","0","28272"
"56013","0","25000","0","1500","0","27685"
"56014","0","0","0","1500","0","25780"
"56023","0","0","0","1500","0","25890"
"56030","0","0","0","1500","0","25899"
"56031","0","0","0","1500","0","25894"
"56033","0","360000","0","1500","0","27870"
"56037","0","0","0","1500","0","27813"
"56046","0","360000","0","1500","0","27871"
"56052","0","0","0","1500","0","27818"
"56056","0","8000","0","1500","0","26573"
"56057","0","0","0","1500","0","27817"
"56066","0","0","0","1500","0","27841"
"56068","0","0","0","1500","0","27800"
"56069","0","0","0","1500","0","27801"
"56071","0","0","0","1500","0","27799"
"56094","0","6000","0","1500","0","29228"
"56099","0","0","360000","1500","0","29166"
"56102","0","0","0","1000","0","31018"
"56116","0","0","0","1500","0","28271"
"56136","0","0","0","1000","0","31016"
"67366","0","4000","0","1500","0","25217"
"67367","0","4000","0","1500","0","25218"
"67368","0","6000","0","1500","0","25464"
"67369","0","180000","0","1500","0","25467"
"67370","0","0","0","1000","0","25557"
"67371","0","0","0","1000","0","25560"
"67372","0","0","0","1500","0","27131"
"67373","0","0","0","1500","0","27132"
"67374","0","30000","0","1500","0","27133"
"67375","0","8000","0","1500","0","27173"
"67376","0","15000","0","1500","0","27174"
"67377","0","10000","0","1500","0","27266"
"67378","0","0","0","1000","0","27267"
"67379","0","0","0","1500","0","27269"
"67380","0","0","0","1500","0","25221"
"67381","0","0","0","1500","0","25222"
"67382","0","0","0","1500","0","25363"
"67383","0","0","0","1500","0","25469"
"67384","0","0","0","1500","0","25470"
"67385","0","0","0","1000","0","25563"
"67386","0","0","0","1000","0","26884"
"67387","0","0","0","1500","0","26978"
"67388","0","0","0","1500","0","26979"
"67389","0","0","0","1500","0","26980"
"67390","0","0","0","1500","0","27044"
"67391","0","0","0","1500","0","27045"
"67392","0","0","0","1500","0","27046"
"67393","0","5000","0","0","0","27047"
"67394","0","30000","0","1500","0","27134"
"67395","0","0","0","1500","0","27135"
"67396","0","0","0","1500","0","27136"
"67397","0","0","0","1500","0","27137"
"67398","0","15000","0","1500","0","27138"
"67399","0","10000","0","1500","0","27179"
"67400","0","6000","0","500","0","27180"
"67401","0","5000","0","1500","0","27270"
"67402","0","120000","0","1500","0","27271"
"67403","0","0","0","1500","0","27272"
"67404","0","0","0","1500","0","25225"
"67405","0","0","0","1500","0","25364"
"67406","0","0","0","1500","0","25367"
"67407","0","0","0","1500","0","25368"
"67408","0","0","0","1500","0","25472"
"67409","0","0","0","1000","0","25567"
"67410","0","0","0","1000","0","25570"
"67411","0","300000","0","0","0","26889"
"67412","0","0","0","1500","0","26981"
"67413","0","0","0","1500","0","26982"
"67414","0","600000","0","1500","0","26983"
"67415","0","0","0","1500","0","26984"
"67416","0","5000","0","1500","0","27048"
"67417","0","0","0","1500","0","27049"
"67418","0","10000","0","1500","0","27050"
"67419","0","0","0","1500","0","27051"
"67420","0","60000","0","1500","0","27139"
"67421","0","0","0","1500","0","27140"
"67422","0","0","0","1500","0","27141"
"67424","0","12000","0","1500","0","27274"
"67425","0","4000","0","1500","0","27275"
"67426","0","0","0","1500","0","25233"
"67427","0","0","0","1500","0","25234"
"67428","0","8000","0","1500","0","25372"
"67429","0","8000","0","1500","0","25375"
"67430","0","0","0","1500","0","25477"
"67431","0","0","0","1500","0","25479"
"67432","0","0","0","1000","0","25574"
"67433","0","0","0","1500","0","26985"
"67434","0","0","0","1500","0","26986"
"67435","0","0","0","1500","0","26987"
"67436","0","0","0","1500","0","26988"
"67437","0","0","0","1500","0","27142"
"67438","0","0","0","1500","0","27143"
"67439","0","8000","0","1500","0","27276"
"67440","0","8000","0","1500","0","27277"
"67441","0","0","0","1500","0","25235"
"67442","0","0","0","1500","0","25236"
"67443","0","0","0","1500","0","25379"
"67444","0","0","0","1500","0","25380"
"67445","0","0","0","1500","0","25384"
"67446","0","0","0","1500","0","25485"
"67447","0","0","0","1000","0","25577"
"67448","0","0","0","1500","0","26989"
"67449","0","0","0","1500","0","26990"
"67450","0","0","0","1500","0","26991"
"67451","0","4000","0","1500","0","27060"
"67452","0","0","60000","1500","0","27063"
"67453","0","0","0","1500","0","27144"
"67454","0","0","0","1500","0","27145"
"67455","0","0","0","1500","0","27209"
"67456","0","0","0","1500","0","27210"
"67457","0","60000","0","1500","0","27211"
"67458","0","0","0","1500","0","27212"
"67459","0","0","0","1500","0","27280"
"67461","0","0","0","1500","0","25241"
"67462","0","0","0","1500","0","25242"
"67463","0","0","0","1500","0","25387"
"67464","0","0","0","1500","0","25389"
"67465","0","0","0","1500","0","25489"
"67466","0","0","0","1500","0","26992"
"67467","0","0","0","1500","0","26993"
"67468","0","1200000","0","1500","0","26994"
"67469","0","0","0","1500","0","26995"
"67470","0","6000","0","1500","0","27065"
"67471","0","0","0","1500","0","27066"
"67472","0","5000","0","1500","0","27067"
"67473","0","30000","0","1500","0","27147"
"67474","0","30000","0","1500","0","27148"
"67475","0","0","0","1500","0","27149"
"67476","0","0","0","1500","0","27213"
"67477","0","0","0","1500","0","27215"
"67478","0","0","0","1500","0","27216"
"67479","0","6000","0","1500","0","25248"
"67481","0","0","0","1500","0","25391"
"67482","0","0","0","1500","0","25392"
"67483","0","0","0","1000","0","25585"
"67484","0","0","0","1000","0","25587"
"67486","0","0","0","1500","0","26997"
"67487","0","0","0","1500","0","26998"
"67488","0","180000","0","1500","0","26999"
"67489","0","120000","0","1500","0","27068"
"67490","0","0","0","1500","0","27070"
"67491","0","0","0","1500","0","27150"
"67492","0","0","0","1500","0","27151"
"67493","0","0","0","1500","0","27152"
"67494","0","0","0","1500","0","27217"
"67495","0","0","0","1500","0","27218"
"67496","0","0","0","1500","0","27219"
"67498","0","0","0","1500","0","28172"
"67499","0","6000","0","1500","0","25251"
"67500","0","0","0","1500","0","25396"
"67501","0","0","0","1500","0","25420"
"67502","0","0","0","1500","0","25422"
"67503","0","0","0","1500","0","25500"
"67505","0","0","0","1500","0","25596"
"67507","0","300000","0","0","0","26669"
"67510","0","0","0","1000","0","27000"
"67511","0","0","0","1000","0","27001"
"67512","0","0","0","1000","0","27002"
"67513","0","0","0","1000","0","27003"
"67514","0","0","0","1500","0","27071"
"67515","0","0","0","1500","0","27072"
"67516","0","0","0","1500","0","27073"
"67517","0","0","0","1500","0","27074"
"67518","0","0","0","1500","0","27153"
"67519","0","3600000","0","1500","0","27154"
"67520","0","0","0","1500","0","27220"
"67521","0","0","0","1500","0","27221"
"67522","0","0","0","1500","0","27222"
"67523","0","120000","0","1500","0","27223"
"67525","0","0","0","1500","0","28176"
"67526","0","6000","0","1500","0","25258"
"67527","0","4000","0","1500","0","25264"
"67528","0","0","0","1500","0","25423"
"67529","0","30000","0","1500","0","25429"
"67530","0","0","0","1500","0","25505"
"67531","0","0","0","1000","0","25508"
"67534","0","0","0","1000","0","26679"
"67535","0","10000","0","1000","0","27004"
"67536","0","0","0","1000","0","27005"
"67537","0","0","0","1000","0","27006"
"67538","0","0","0","1500","0","27075"
"67539","0","8000","0","1500","0","27078"
"67540","0","8000","0","1500","0","27079"
"67541","0","0","0","1500","0","27155"
"67542","0","0","0","1500","0","27224"
"67543","0","0","0","1500","0","27226"
"67545","0","0","0","1500","0","28189"
"67546","0","120000","0","1500","0","25266"
"67547","0","5000","0","1500","0","25269"
"67548","0","0","0","1500","0","25431"
"67549","0","0","0","1500","0","25433"
"67550","0","0","0","1000","0","25509"
"67552","0","0","0","1000","0","26839"
"67553","0","0","0","1000","0","27008"
"67554","0","60000","0","1500","0","27009"
"67555","0","0","0","1500","0","27080"
"67556","0","0","0","1500","0","27082"
"67557","0","0","0","1500","0","27158"
"67558","0","0","0","1500","0","27228"
"67563","0","30000","0","0","0","25272"
"67564","0","30000","0","0","0","25275"
"67565","0","0","0","1500","0","25435"
"67566","0","600000","0","1500","0","25437"
"67567","0","6000","0","1500","0","25439"
"67568","0","30000","0","1000","0","25525"
"67569","0","0","0","1000","0","25528"
"67572","0","6000","0","1000","0","27011"
"67573","0","60000","0","1500","0","27012"
"67574","0","0","0","1500","0","27085"
"67575","0","0","0","1500","0","27086"
"67576","0","10000","0","1500","0","27087"
"67577","0","0","0","1500","0","27160"
"67578","0","0","0","1500","0","27230"
"67581","0","180000","0","1500","0","25441"
"67582","0","6000","0","1500","0","25442"
"67584","0","0","0","1000","0","25533"
"67585","0","0","0","1500","0","27013"
"67586","0","6000","0","0","0","27014"
"67587","0","5000","0","1500","0","27015"
"67588","0","25000","0","1500","0","27088"
"67589","0","0","0","1500","0","27090"
"67590","0","0","0","1500","0","27238"
"67591","0","0","0","1000","0","27441"
"67593","0","0","0","1500","0","25308"
"67594","0","30000","0","1500","0","25446"
"67595","0","0","0","1500","0","25448"
"67596","0","0","0","1000","0","26861"
"67597","0","0","0","1500","0","27016"
"67599","0","15000","0","1500","0","27018"
"67601","0","0","0","1500","0","27166"
"67602","0","0","0","1500","0","27243"
"67603","0","10000","0","1000","0","27448"
"67604","0","0","0","1500","0","25202"
"67605","0","0","0","1500","0","25203"
"67606","0","0","0","1500","0","25312"
"67607","0","0","0","1500","0","25449"
"67609","0","15000","0","1000","0","25546"
"67610","0","0","0","1000","0","26862"
"67611","0","0","0","1000","0","26863"
"67612","0","0","0","1000","0","26864"
"67613","0","6000","0","1500","0","27019"
"67614","0","8000","0","1500","0","27020"
"67615","0","10000","0","1500","0","27021"
"67616","0","60000","0","1500","0","27022"
"67617","0","0","0","1500","0","27101"
"67619","0","0","0","1500","0","27168"
"67620","0","0","0","1500","0","27250"
"67621","0","0","0","1500","0","25208"
"67622","0","0","0","1500","0","25210"
"67623","0","6000","0","1500","0","25454"
"67625","0","6000","0","1500","0","25457"
"67626","0","15000","0","1000","0","25547"
"67627","0","0","0","1000","0","26865"
"67628","0","0","0","1000","0","26866"
"67629","0","30000","0","1500","0","27023"
"67630","0","30000","0","1500","0","27025"
"67631","0","0","0","1500","0","27124"
"67632","0","0","0","1500","0","27125"
"67633","0","0","0","1500","0","27126"
"67634","0","0","0","1500","0","27169"
"67635","0","0","0","1500","0","27259"
"67636","0","0","0","1500","0","27260"
"67637","0","0","0","1500","0","25212"
"67638","0","0","0","1500","0","25213"
"67639","0","0","0","1500","0","25331"
"67640","0","0","0","1500","0","25461"
"67641","0","0","0","1000","0","25552"
"67643","0","0","0","1000","0","26867"
"67644","0","0","0","1500","0","27127"
"67645","0","30000","0","1500","0","27128"
"67647","0","0","0","1500","0","27130"
"67648","0","0","0","1500","0","27170"
"67650","0","15000","0","1500","0","27263"
"67651","0","0","0","1500","0","27264"
"67652","0","0","0","1500","0","27265"
"67661","0","30000","0","1500","0","30194"
"67662","0","20000","0","500","0","30283"
"67673","0","30000","0","1500","0","30198"
"67683","0","0","0","1500","0","30449"
"67684","0","0","0","1500","0","30451"
"67691","0","0","0","1500","0","29722"
"67692","0","0","0","1500","0","29801"
"67693","0","300000","0","1500","0","29893"
"67697","0","0","0","1500","0","30455"
"67706","0","6000","0","1500","0","30213"
"67707","0","0","0","1500","0","30459"
"67713","0","6000","0","1500","0","30219"
"67721","0","6000","0","1500","0","30223"
"67740","0","0","0","1500","0","30404"
"67741","0","0","0","1500","0","30405"
"67748","0","0","0","1500","0","30108"
"67763","0","20000","0","500","0","30413"
"67764","0","360000","0","1500","0","28275"
"67775","0","0","0","1500","0","30016"
"67776","0","0","0","1500","0","30022"
"67777","0","6000","0","1500","0","30330"
"67778","0","20000","0","500","0","30414"
"67783","0","6000","0","1500","0","30335"
"67793","0","0","300000","1500","0","29858"
"67794","0","0","0","1500","0","30030"
"67795","0","0","0","1500","0","30146"
"67800","0","0","0","1500","0","30033"
"67801","0","30000","0","1500","0","30151"
"67809","0","12000","0","1500","0","29704"
"67811","0","6000","0","1500","0","30356"
"67812","0","5000","0","1500","0","30357"
"67820","0","0","15000","1500","0","31789"
"67824","0","0","0","1500","0","30908"
"67825","0","0","0","1500","0","30909"
"67826","0","60000","0","1500","0","30910"
"67831","0","10000","0","1000","0","31709"
"67835","0","0","0","1500","0","30911"
"67836","0","10000","0","1500","0","30912"
"67848","0","0","120000","1500","0","30823"
"67853","0","0","0","1500","0","31801"
"67870","0","0","0","1500","0","31117"
"67890","0","60000","0","1500","0","30545"
"67892","0","0","0","1000","0","30706"
"67900","0","0","0","1500","0","31589"
"67901","0","20000","0","1500","0","31661"
"67903","0","15000","0","1500","0","30546"
"67922","0","0","0","1500","0","30482"
"67934","0","0","300000","1500","0","30874"
"67960","0","0","180000","1500","0","31687"
"67962","0","0","60000","1000","0","31224"
"67990","0","0","0","1000","0","32645"
"67991","0","30000","0","1500","0","32796"
"67993","0","30000","0","1000","0","31935"
"68002","0","20000","0","1500","0","33041"
"68003","0","20000","0","1500","0","33042"
"68012","0","20000","0","1500","0","33043"
"68015","0","0","600000","1500","0","32182"
"68017","0","0","60000","1500","0","32266"
"68027","0","0","60000","1500","0","32267"
"68029","0","0","0","1500","0","32271"
"68040","0","0","0","1500","0","32272"
"68045","0","0","180000","0","0","31884"
"68052","0","0","0","1500","0","32593"
"68053","0","0","120000","1500","0","32676"
"68060","0","0","0","1500","0","32594"
"68061","0","12000","0","1500","0","32996"
"68062","0","0","0","1500","0","31892"
"68068","0","0","0","1000","0","32684"
"68070","0","0","0","1500","0","32841"
"68072","0","0","0","1500","0","32999"
"68073","0","0","0","1500","0","31895"
"68078","0","0","0","1500","0","32375"
"68089","0","12000","0","1500","0","32379"
"68095","0","0","180000","0","0","31842"
"68098","0","0","0","1500","0","32223"
"68100","0","30000","0","1000","0","32699"
"68108","0","0","0","1500","0","32546"
"68109","0","30000","0","1000","0","32700"
"68114","0","0","0","1500","0","32231"
"68115","0","0","300000","1500","0","32548"
"68121","0","5000","0","1500","0","33698"
"68122","0","5000","0","1500","0","33699"
"68123","0","5000","0","1500","0","33700"
"68124","0","120000","0","1500","0","33701"
"68126","0","0","0","1000","0","33982"
"68127","0","0","0","1000","0","33983"
"68134","0","6000","0","1500","0","33986"
"68135","0","6000","0","1500","0","33987"
"68138","0","0","0","1500","0","33786"
"68143","0","30000","0","1500","0","33405"
"68160","0","0","0","1500","0","33717"
"68169","0","30000","0","1500","0","33933"
"68170","0","0","0","1500","0","34074"
"68175","0","0","0","1500","0","33938"
"68184","0","0","0","1000","0","33876"
"68185","0","6000","0","1500","0","33878"
"68186","0","0","0","1500","0","33943"
"68187","0","0","0","1500","0","33944"
"68194","0","0","0","1500","0","33736"
"68196","0","0","0","1500","0","33946"
"68203","0","15000","0","1500","0","33072"
"68205","0","300000","0","0","0","33357"
"68206","0","0","0","1500","0","33745"
"68213","0","10000","0","1500","0","33076"
"68214","0","0","120000","1500","0","33206"
"68217","0","0","180000","1500","0","33831"
"68219","0","5000","0","0","0","34026"
"68223","0","0","0","1500","0","33891"
"68230","0","0","0","1500","0","33763"
"68237","0","0","0","1500","0","33690"
"68238","0","0","60000","1500","0","33691"
"68245","0","0","0","1500","0","34120"
"68262","0","30000","0","1500","0","34600"
"68264","0","0","0","1500","0","34767"
"68265","0","0","0","1500","0","34916"
"68266","0","0","0","1500","0","34917"
"68268","0","0","0","1500","0","35293"
"68269","0","0","0","1500","0","35294"
"68270","0","0","0","1500","0","35295"
"68271","0","0","0","1500","0","35296"
"68275","0","0","0","1500","0","34769"
"68278","0","0","0","1500","0","35297"
"68279","0","0","0","1500","0","35298"
"68282","0","10000","0","1500","0","35387"
"68283","0","10000","0","1500","0","35389"
"68291","0","10000","0","1500","0","35392"
"68292","0","0","6000","1500","0","35395"
"68297","0","0","0","1500","0","34861"
"68308","0","0","0","1500","0","34863"
"68309","0","0","0","1500","0","34864"
"68310","0","0","0","1500","0","34865"
"68317","0","0","0","1500","0","34866"
"68320","0","0","10000","1500","0","35323"
"68323","0","0","0","1000","0","34411"
"68324","0","0","120000","1500","0","34477"
"68334","0","0","0","1000","0","34412"
"68335","0","0","0","1000","0","34413"
"68356","0","0","20000","1500","0","34490"
"68358","0","0","10000","1500","0","34889"
"68370","0","15000","0","1500","0","35346"
"68373","0","0","0","1500","0","34428"
"68375","0","0","300000","1500","0","34433"
"68396","0","0","0","1500","0","34914"
"68400","0","0","0","1500","0","35290"
"68401","0","0","0","1500","0","35291"
"68402","0","0","0","1500","0","35292"
"68448","0","0","0","1500","0","35715"
"68449","0","0","60000","1500","0","35717"
"68492","0","0","30000","0","0","36554"
"68554","0","0","0","1500","0","37420"
"68594","0","5000","0","1500","0","36916"
"68632","0","0","0","1500","0","36936"
"68663","0","10000","0","1000","0","38764"
"68664","0","10000","0","1000","0","38768"
"68677","0","0","0","1500","0","38692"
"68683","0","0","0","1500","0","38697"
"68684","0","0","0","1500","0","38699"
"68691","0","0","0","1500","0","38704"
"68754","0","0","0","1000","0","39967"
"68755","0","0","0","1500","0","40120"
"68767","0","0","0","1500","0","39374"
"69056","0","0","0","1500","0","45290"
"69057","0","0","0","1500","0","45291"
"69058","0","0","0","1500","0","45292"
"69059","0","0","0","1500","0","45293"
"69064","0","0","0","1500","0","45294"
"69065","0","0","0","1500","0","45295"
"69066","0","0","0","1500","0","45296"
"69067","0","6000","0","1500","0","45297"
"69068","0","300000","0","1500","0","45438"
"69079","0","6000","0","1500","0","45298"
"69080","0","6000","0","1500","0","45299"
"69081","0","6000","0","1500","0","45300"
"69087","0","6000","0","1500","0","45301"
"69088","0","6000","0","1500","0","45302"
"69105","0","300000","0","1500","0","43987"
"69146","0","30000","0","500","0","44041"
"69147","0","30000","0","500","0","44043"
"69148","0","30000","0","500","0","44044"
"69154","0","0","0","1500","0","45284"
"69156","0","30000","0","500","0","44045"
"69157","0","30000","0","500","0","44046"
"69158","0","30000","0","500","0","44047"
"69163","0","0","0","1500","0","45286"
"69164","0","0","0","1500","0","45287"
"69165","0","0","0","1500","0","45288"
"69166","0","0","0","1500","0","45289"
"69186","0","0","0","1500","0","49358"
"69187","0","0","0","1500","0","49359"
"69193","0","0","60000","1500","0","49360"
"69194","0","0","60000","1500","0","49361"
"69439","0","0","0","1500","0","469"
"69441","0","0","0","1000","0","1329"
"69442","0","0","0","1500","0","2048"
"69443","0","120000","1200000","1000","0","2062"
"69446","0","0","600000","1500","0","2825"
"69447","0","0","30000","0","0","3411"
"69448","0","0","0","1000","0","3738"
"69453","0","0","0","1000","0","5938"
"69465","0","0","10000","0","0","23920"
"69468","0","0","0","1500","0","24398"
"69757","0","0","0","1500","0","348700"
"69758","0","0","0","1500","0","348704"
"72008","0","0","0","1500","0","713"
